full_paths,date,duration,filename,cohort,sub_id,duration_in_minutes,age_during_video,vid_index,start_time,end_time
/BabyView_Main/00220001/00220001_GX030001_02.05.2024-02.11.2024_02.05.2024-5:19pm.MP4,2024-02-05,704.73,00220001_GX030001_02.05.2024-02.11.2024_02.05.2024-5:19pm.MP4,BabyView_Main,00220001,11.7455,6.245847176079734,6,352.365,382.365
/BabyView_Main/00220001/00220001_GX030003__2024-02-12-09:04:46.MP4,2024-02-12,704.7,00220001_GX030003__2024-02-12-09:04:46.MP4,BabyView_Main,00220001,11.745000000000001,6.4784053156146175,12,352.35,382.35
/BabyView_Main/00220001/00220001_GX020006_02.19.2024-02.25.2024_02.24.2024-NA.MP4,2024-02-24,704.73,00220001_GX020006_02.19.2024-02.25.2024_02.24.2024-NA.MP4,BabyView_Main,00220001,11.7455,6.877076411960132,18,352.365,382.365
/BabyView_Main/00220001/00220001_GX010011_03.11.2024-03.17.2024_03.06.2024-1:59pm.MP4,2024-03-06,570.43,00220001_GX010011_03.11.2024-03.17.2024_03.06.2024-1:59pm.MP4,BabyView_Main,00220001,9.507166666666667,7.2425249169435215,24,285.215,315.215
/BabyView_Main/00220001/00220001_GX030015_03.25.2024-03.31.2024_03.30.2024-12:51pm.MP4,2024-03-30,528.34,00220001_GX030015_03.25.2024-03.31.2024_03.30.2024-12:51pm.MP4,BabyView_Main,00220001,8.805666666666667,8.039867109634551,30,264.17,294.17
/BabyView_Main/00220001/00220001_GX030016_04.01.2024-04.07.2024_04.06.2024-12:07pm.MP4,2024-04-06,704.73,00220001_GX030016_04.01.2024-04.07.2024_04.06.2024-12:07pm.MP4,BabyView_Main,00220001,11.7455,8.272425249169435,36,352.365,382.365
/BabyView_Main/00220001/00220001_GX020026__2024-04-30-17:38:42.MP4,2024-04-30,704.73,00220001_GX020026__2024-04-30-17:38:42.MP4,BabyView_Main,00220001,11.7455,9.069767441860465,42,352.365,382.365
/BabyView_Main/00230001/00230001_GX010007_11.13.2023-11.19.2023_11.13.2023-8:14am.MP4,2023-11-13,390.72,00230001_GX010007_11.13.2023-11.19.2023_11.13.2023-8:14am.MP4,BabyView_Main,00230001,6.5120000000000005,6.046511627906977,6,195.36,225.36
/BabyView_Main/00230001/00230001_GX020008_01.01.2024-01.07.2024_12.10.2023-12:20pm.MP4,2023-12-10,768.79,00230001_GX020008_01.01.2024-01.07.2024_12.10.2023-12:20pm.MP4,BabyView_Main,00230001,12.813166666666666,6.943521594684385,12,384.395,414.395
/BabyView_Main/00230001/00230001_GX010010_03.04.2024-03.10.2024_03.04.2024-5:00pm.MP4,2024-03-04,704.73,00230001_GX010010_03.04.2024-03.10.2024_03.04.2024-5:00pm.MP4,BabyView_Main,00230001,11.7455,9.767441860465116,18,352.365,382.365
/BabyView_Main/00230001/00230001_GX030011_04.08.2024-04.14.2024_04.14.2024-NA.MP4,2024-04-14,618.22,00230001_GX030011_04.08.2024-04.14.2024_04.14.2024-NA.MP4,BabyView_Main,00230001,10.303666666666667,11.129568106312291,24,309.11,339.11
/BabyView_Main/00240001/00240001_GX020006_11.06.2023-11.12.2023_11.10.2023-10:59am.MP4,2023-11-10,1217.22,00240001_GX020006_11.06.2023-11.12.2023_11.10.2023-10:59am.MP4,BabyView_Main,00240001,20.287,7.408637873754152,6,608.61,638.61
/BabyView_Main/00240001/00240001_GX030013_11.13.2023-11.19.2023_11.19.2023-3:25pm.MP4,2023-11-19,1046.49,00240001_GX030013_11.13.2023-11.19.2023_11.19.2023-3:25pm.MP4,BabyView_Main,00240001,17.4415,7.707641196013289,12,523.245,553.245
/BabyView_Main/00240001/00240001_GX010012_11.13.2023-11.19.2023_2023-11-20-21:39:34.MP4,2023-11-20,357.19,00240001_GX010012_11.13.2023-11.19.2023_2023-11-20-21:39:34.MP4,BabyView_Main,00240001,5.953166666666666,7.740863787375415,18,178.595,208.595
/BabyView_Main/00240001/00240001_GX030022-11.25.2023_11.20.2023-11.26.2023_2023-11-25-21:22:37.MP4,2023-11-25,684.72,00240001_GX030022-11.25.2023_11.20.2023-11.26.2023_2023-11-25-21:22:37.MP4,BabyView_Main,00240001,11.412,7.906976744186046,24,342.36,372.36
/BabyView_Main/00240001/00240001_GX020024-11.26.23_11.20.2023-11.26.2023_2023-11-27-03:08:43.MP4,2023-11-27,1126.81,00240001_GX020024-11.26.23_11.20.2023-11.26.2023_2023-11-27-03:08:43.MP4,BabyView_Main,00240001,18.780166666666666,7.973421926910299,30,563.405,593.405
/BabyView_Main/00240001/00240001_GX010025_11.27.2023-12.03.2023_12.02.2023-9:01am.MP4,2023-12-02,674.48,00240001_GX010025_11.27.2023-12.03.2023_12.02.2023-9:01am.MP4,BabyView_Main,00240001,11.241333333333333,8.13953488372093,36,337.24,367.24
/BabyView_Main/00240001/00240001_GX020027-12.02.23_11.27.2023-12.03.2023_2023-12-03-23:05:26.MP4,2023-12-03,473.84,00240001_GX020027-12.02.23_11.27.2023-12.03.2023_2023-12-03-23:05:26.MP4,BabyView_Main,00240001,7.897333333333333,8.172757475083056,42,236.92,266.91999999999996
/BabyView_Main/00240001/00240001_GX030029_12.04.2023-12.10.2023_12.03.2023-NA.MP4,2023-12-03,896.92,00240001_GX030029_12.04.2023-12.10.2023_12.03.2023-NA.MP4,BabyView_Main,00240001,14.948666666666666,8.172757475083056,48,448.46,478.46
/BabyView_Main/00240001/00240001_GX010030_12.25.2023-12.31.2023_12.16.2023-7:53AM.MP4,2023-12-16,960.98,00240001_GX010030_12.25.2023-12.31.2023_12.16.2023-7:53AM.MP4,BabyView_Main,00240001,16.016333333333332,8.604651162790697,54,480.49,510.49
/BabyView_Main/00240001/00240001_GX020031_01.01.2024-01.07.2024_01.05.2024-12:09pm.MP4,2024-01-05,832.85,00240001_GX020031_01.01.2024-01.07.2024_01.05.2024-12:09pm.MP4,BabyView_Main,00240001,13.880833333333333,9.269102990033222,60,416.425,446.425
/BabyView_Main/00240001/00240001_GX010033_01.15.2024-01.21.2024_01.20.2024-7:56am.MP4,2024-01-20,1217.24,00240001_GX010033_01.15.2024-01.21.2024_01.20.2024-7:56am.MP4,BabyView_Main,00240001,20.287333333333333,9.767441860465116,66,608.62,638.62
/BabyView_Main/00240001/00240001_GX020034_01.22.2024-01.28.2024_01.28.2024-7:48am.MP4,2024-01-28,1281.3,00240001_GX020034_01.22.2024-01.28.2024_01.28.2024-7:48am.MP4,BabyView_Main,00240001,21.355,10.033222591362126,72,640.65,670.65
/BabyView_Main/00240001/00240001_GX020035_02.12.2024-02.18.2024_02.07.2024-2:57pm.MP4,2024-02-07,642.82,00240001_GX020035_02.12.2024-02.18.2024_02.07.2024-2:57pm.MP4,BabyView_Main,00240001,10.713666666666667,10.365448504983389,78,321.41,351.41
/BabyView_Main/00240001/00240001_GX010041_03.18.2024-03.24.2024_03.10.2024-9:18am.MP4,2024-03-10,1153.17,00240001_GX010041_03.18.2024-03.24.2024_03.10.2024-9:18am.MP4,BabyView_Main,00240001,19.2195,11.428571428571429,84,576.585,606.585
/BabyView_Main/00240001/00240001_GX030041_03.11.2024-03.17.2024_03.10.2024-9:18am.MP4,2024-03-10,768.79,00240001_GX030041_03.11.2024-03.17.2024_03.10.2024-9:18am.MP4,BabyView_Main,00240001,12.813166666666666,11.428571428571429,90,384.395,414.395
/BabyView_Main/00240001/00240001_GX020045_04.01.2024-04.07.2024_04.07.2024-6:34pm.MP4,2024-04-07,768.79,00240001_GX020045_04.01.2024-04.07.2024_04.07.2024-6:34pm.MP4,BabyView_Main,00240001,12.813166666666666,12.358803986710964,96,384.395,414.395
/BabyView_Main/00240001/00240001_GX020048_04.08.2024-04.14.2024_04.14.2024-1:52pm.MP4,2024-04-14,1153.17,00240001_GX020048_04.08.2024-04.14.2024_04.14.2024-1:52pm.MP4,BabyView_Main,00240001,19.2195,12.591362126245846,102,576.585,606.585
/BabyView_Main/00240001/00240001_GX020049-04.28.24_04.22.2024-04.28.2024_2024-04-29-04:49:49.MP4,2024-04-29,832.85,00240001_GX020049-04.28.24_04.22.2024-04.28.2024_2024-04-29-04:49:49.MP4,BabyView_Main,00240001,13.880833333333333,13.08970099667774,108,416.425,446.425
/BabyView_Main/00270001/00270001_GX010037_02.27.2023-03.05.2023_2023-03-04-19:12:52.MP4,2023-03-04,960.98,00270001_GX010037_02.27.2023-03.05.2023_2023-03-04-19:12:52.MP4,BabyView_Main,00270001,16.016333333333332,7.707641196013289,6,480.49,510.49
/BabyView_Main/00270001/00270001_GX020039_03.06.2023-03.12.2023_2023-03-14-00:51:39.MP4,2023-03-14,569.8,00270001_GX020039_03.06.2023-03.12.2023_2023-03-14-00:51:39.MP4,BabyView_Main,00270001,9.496666666666666,8.039867109634551,12,284.9,314.9
/BabyView_Main/00270001/00270001_GX020043_03.27.2023-04.02.2023_2023-04-06-01:57:25.MP4,2023-04-06,704.73,00270001_GX020043_03.27.2023-04.02.2023_2023-04-06-01:57:25.MP4,BabyView_Main,00270001,11.7455,8.803986710963455,18,352.365,382.365
/BabyView_Main/00270001/00270001_H08M26S10_06.05.2023-06.11.2023_06.11.2023-NA.MP4,2023-06-11,300.03,00270001_H08M26S10_06.05.2023-06.11.2023_06.11.2023-NA.MP4,BabyView_Main,00270001,5.0005,10.996677740863786,24,150.015,180.015
/BabyView_Main/00270001/00270001_H07M55S46_06.26.2023-07.02.2023_06.30.2023-NA.MP4,2023-06-30,300.03,00270001_H07M55S46_06.26.2023-07.02.2023_06.30.2023-NA.MP4,BabyView_Main,00270001,5.0005,11.627906976744185,30,150.015,180.015
/BabyView_Main/00270001/00270001_H10M09S52_07.10.2023-07.16.2023_07.13.2023-NA.MP4,2023-07-13,300.03,00270001_H10M09S52_07.10.2023-07.16.2023_07.13.2023-NA.MP4,BabyView_Main,00270001,5.0005,12.059800664451826,36,150.015,180.015
/BabyView_Main/00270001/00270001_H17M54S56_08.14.2023-08.20.2023_08.15.2023-NA.MP4,2023-08-15,300.03,00270001_H17M54S56_08.14.2023-08.20.2023_08.15.2023-NA.MP4,BabyView_Main,00270001,5.0005,13.156146179401993,42,150.015,180.015
/BabyView_Main/00270001/00270001_H16M49S12_08.21.2023-08.27.2023_08.22.2023-NA.MP4,2023-08-22,300.03,00270001_H16M49S12_08.21.2023-08.27.2023_08.22.2023-NA.MP4,BabyView_Main,00270001,5.0005,13.388704318936876,48,150.015,180.015
/BabyView_Main/00270001/00270001_H08M59S28_11.13.2023-11.19.2023_11.16.2023-NA.MP4,2023-11-16,300.03,00270001_H08M59S28_11.13.2023-11.19.2023_11.16.2023-NA.MP4,BabyView_Main,00270001,5.0005,16.245847176079735,54,150.015,180.015
/BabyView_Main/00270001/00270001_H19M48S12_01.01.2024-01.07.2024_01.05.2024-NA.MP4,2024-01-05,300.03,00270001_H19M48S12_01.01.2024-01.07.2024_01.05.2024-NA.MP4,BabyView_Main,00270001,5.0005,17.906976744186046,60,150.015,180.015
/BabyView_Main/00270001/00270001_H18M45S06_01.08.2024-01.14.2024_01.10.2024-NA.MP4,2024-01-10,300.03,00270001_H18M45S06_01.08.2024-01.14.2024_01.10.2024-NA.MP4,BabyView_Main,00270001,5.0005,18.073089700996675,66,150.015,180.015
/BabyView_Main/00270001/00270001_H20M14S08_02.19.2024-02.25.2024_02.23.2024-NA.MP4,2024-02-23,300.03,00270001_H20M14S08_02.19.2024-02.25.2024_02.23.2024-NA.MP4,BabyView_Main,00270001,5.0005,19.53488372093023,72,150.015,180.015
/BabyView_Main/00320001/00320001_GX020007_11.06.2023-11.12.2023_11.10.2023-2:16pm.MP4,2023-11-10,551.82,00320001_GX020007_11.06.2023-11.12.2023_11.10.2023-2:16pm.MP4,BabyView_Main,00320001,9.197000000000001,8.903654485049833,6,275.91,305.91
/BabyView_Main/00320001/00320001_GX040009_11.13.2023-11.19.2023_11.15.2023-5:52pm.MP4,2023-11-15,652.99,00320001_GX040009_11.13.2023-11.19.2023_11.15.2023-5:52pm.MP4,BabyView_Main,00320001,10.883166666666666,9.069767441860465,12,326.495,356.495
/BabyView_Main/00320001/00320001_GX030010_11.13.2023-11.19.2023_11.18.2023-4:24pm.MP4,2023-11-18,960.96,00320001_GX030010_11.13.2023-11.19.2023_11.18.2023-4:24pm.MP4,BabyView_Main,00320001,16.016000000000002,9.169435215946843,18,480.48,510.48
/BabyView_Main/00320001/00320001_GX020012_11.27.2023-12.03.2023_2023-11-30-06:56:48.MP4,2023-11-30,704.7,00320001_GX020012_11.27.2023-12.03.2023_2023-11-30-06:56:48.MP4,BabyView_Main,00320001,11.745000000000001,9.568106312292358,24,352.35,382.35
/BabyView_Main/00320001/00320001_GX010016_12.04.2023-12.10.2023_12.06.2023-5:35pm.MP4,2023-12-06,768.79,00320001_GX010016_12.04.2023-12.10.2023_12.06.2023-5:35pm.MP4,BabyView_Main,00320001,12.813166666666666,9.767441860465116,30,384.395,414.395
/BabyView_Main/00320001/00320001_GX010020_12.11.2023-12.17.2023_12.13.2023-12:00pm.MP4,2023-12-13,832.85,00320001_GX010020_12.11.2023-12.17.2023_12.13.2023-12:00pm.MP4,BabyView_Main,00320001,13.880833333333333,10,36,416.425,446.425
/BabyView_Main/00320001/00320001_GX020021_12.25.2023-12.31.2023_12.13.2023-1:22pm.MP4,2023-12-13,704.73,00320001_GX020021_12.25.2023-12.31.2023_12.13.2023-1:22pm.MP4,BabyView_Main,00320001,11.7455,10,42,352.365,382.365
/BabyView_Main/00320001/00320001_GX020022_01.01.2024-01.07.2024_01.01.2024-4:12pm.MP4,2024-01-01,832.85,00320001_GX020022_01.01.2024-01.07.2024_01.01.2024-4:12pm.MP4,BabyView_Main,00320001,13.880833333333333,10.631229235880399,48,416.425,446.425
/BabyView_Main/00320001/00320001_GX020023_01.08.2024-01.14.2024_01.13.2024-2:20pm.MP4,2024-01-13,704.73,00320001_GX020023_01.08.2024-01.14.2024_01.13.2024-2:20pm.MP4,BabyView_Main,00320001,11.7455,11.029900332225914,54,352.365,382.365
/BabyView_Main/00320001/00320001_GX050025_01.15.2024-01.21.2024_01.16.2024-3:11pm.MP4,2024-01-16,723.09,00320001_GX050025_01.15.2024-01.21.2024_01.16.2024-3:11pm.MP4,BabyView_Main,00320001,12.0515,11.129568106312291,60,361.545,391.545
/BabyView_Main/00320001/00320001_GX020026_01.29.2024-02.04.2024_01.31.2024-5:33pm.MP4,2024-01-31,832.85,00320001_GX020026_01.29.2024-02.04.2024_01.31.2024-5:33pm.MP4,BabyView_Main,00320001,13.880833333333333,11.627906976744185,66,416.425,446.425
/BabyView_Main/00320001/00320001_GX040028_01.29.2024-02.04.2024_02.04.2024-7:47am.MP4,2024-02-04,741.71,00320001_GX040028_01.29.2024-02.04.2024_02.04.2024-7:47am.MP4,BabyView_Main,00320001,12.361833333333333,11.76079734219269,72,370.855,400.855
/BabyView_Main/00320001/00320001_GX010031_02.05.2024-02.11.2024_02.11.2024-12:59pm.MP4,2024-02-11,768.79,00320001_GX010031_02.05.2024-02.11.2024_02.11.2024-12:59pm.MP4,BabyView_Main,00320001,12.813166666666666,11.993355481727574,78,384.395,414.395
/BabyView_Main/00320001/00320001_GX010033_02.12.2024-02.18.2024_02.17.2024-10:24am.MP4,2024-02-17,680.75,00320001_GX010033_02.12.2024-02.18.2024_02.17.2024-10:24am.MP4,BabyView_Main,00320001,11.345833333333333,12.192691029900331,84,340.375,370.375
/BabyView_Main/00320001/00320001_GX020035_02.19.2024-02.25.2024_02.23.2024-5:44pm.MP4,2024-02-23,768.79,00320001_GX020035_02.19.2024-02.25.2024_02.23.2024-5:44pm.MP4,BabyView_Main,00320001,12.813166666666666,12.39202657807309,90,384.395,414.395
/BabyView_Main/00320001/00320001_GX010037_02.26.2024-03.03.2024_02.28.2024-6:20pm.MP4,2024-02-28,832.85,00320001_GX010037_02.26.2024-03.03.2024_02.28.2024-6:20pm.MP4,BabyView_Main,00320001,13.880833333333333,12.55813953488372,96,416.425,446.425
/BabyView_Main/00320001/00320001_GX030039_02.26.2024-03.03.2024_03.03.2024-7:56pm.MP4,2024-03-03,667.78,00320001_GX030039_02.26.2024-03.03.2024_03.03.2024-7:56pm.MP4,BabyView_Main,00320001,11.129666666666667,12.691029900332225,102,333.89,363.89
/BabyView_Main/00320001/00320001_GX020041_03.04.2024-03.10.2024_03.10.2024-7:37pm.MP4,2024-03-10,832.85,00320001_GX020041_03.04.2024-03.10.2024_03.10.2024-7:37pm.MP4,BabyView_Main,00320001,13.880833333333333,12.92358803986711,108,416.425,446.425
/BabyView_Main/00320001/00320001_GX020044_03.11.2024-03.17.2024_03.17.2024-1:30pm.MP4,2024-03-17,704.73,00320001_GX020044_03.11.2024-03.17.2024_03.17.2024-1:30pm.MP4,BabyView_Main,00320001,11.7455,13.156146179401993,114,352.365,382.365
/BabyView_Main/00320001/00320001_GX040045_03.18.2024-03.24.2024_03.20.2024-5:39pm.MP4,2024-03-20,768.79,00320001_GX040045_03.18.2024-03.24.2024_03.20.2024-5:39pm.MP4,BabyView_Main,00320001,12.813166666666666,13.25581395348837,120,384.395,414.395
/BabyView_Main/00320001/00320001_GX020047_03.25.2024-03.31.2024_03.30.2024-9:49am.MP4,2024-03-30,896.92,00320001_GX020047_03.25.2024-03.31.2024_03.30.2024-9:49am.MP4,BabyView_Main,00320001,14.948666666666666,13.588039867109634,126,448.46,478.46
/BabyView_Main/00320001/00320001_GX030047-1_03.25.2024-03.31.2024_03.31.2024-10:27am.MP4,2024-03-31,768.79,00320001_GX030047-1_03.25.2024-03.31.2024_03.31.2024-10:27am.MP4,BabyView_Main,00320001,12.813166666666666,13.62126245847176,132,384.395,414.395
/BabyView_Main/00320001/00320001_GX050050_04.01.2024-04.07.2024_04.07.2024-10:09am.MP4,2024-04-07,500.7,00320001_GX050050_04.01.2024-04.07.2024_04.07.2024-10:09am.MP4,BabyView_Main,00320001,8.345,13.853820598006644,138,250.35,280.35
/BabyView_Main/00320001/00320001_GX020052_2_04.08.2024-04.14.2024_04.14.2024-7:10pm.MP4,2024-04-14,704.73,00320001_GX020052_2_04.08.2024-04.14.2024_04.14.2024-7:10pm.MP4,BabyView_Main,00320001,11.7455,14.086378737541528,144,352.365,382.365
/BabyView_Main/00320001/00320001_GX030053_04.15.2024-04.21.2024_04.17.2024-5:05pm.MP4,2024-04-17,448.26,00320001_GX030053_04.15.2024-04.21.2024_04.17.2024-5:05pm.MP4,BabyView_Main,00320001,7.471,14.186046511627906,150,224.13,254.13
/BabyView_Main/00320001/00320001_GX010054_04.22.2024-04.28.2024_04.21.2024-9:24am.MP4,2024-04-21,832.85,00320001_GX010054_04.22.2024-04.28.2024_04.21.2024-9:24am.MP4,BabyView_Main,00320001,13.880833333333333,14.31893687707641,156,416.425,446.425
/BabyView_Main/00320001/00320001_GX030056_04.22.2024-04.28.2024_2024-04-27-15:48:07.MP4,2024-04-27,768.79,00320001_GX030056_04.22.2024-04.28.2024_2024-04-27-15:48:07.MP4,BabyView_Main,00320001,12.813166666666666,14.518272425249169,162,384.395,414.395
/BabyView_Main/00320001/00320001_GX010058_04.28.2024-05.05.2024_2024-05-05-13:26:26.MP4,2024-05-05,832.83,00320001_GX010058_04.28.2024-05.05.2024_2024-05-05-13:26:26.MP4,BabyView_Main,00320001,13.880500000000001,14.784053156146179,168,416.415,446.415
/BabyView_Main/00320002/00320002_GX010017_02.26.2024-03.03.2024_03.01.2024-8:42am.MP4,2024-03-01,960.98,00320002_GX010017_02.26.2024-03.03.2024_03.01.2024-8:42am.MP4,BabyView_Main,00320002,16.016333333333332,8.637873754152823,6,480.49,510.49
/BabyView_Main/00320002/00320002_GX010020_03.11.2024-03.17.2024_03.11.2024-8:42am.MP4,2024-03-11,704.73,00320002_GX010020_03.11.2024-03.17.2024_03.11.2024-8:42am.MP4,BabyView_Main,00320002,11.7455,8.970099667774086,12,352.365,382.365
/BabyView_Main/00320002/00320002_GX020023_03.18.2024-03.24.2024_03.22.2024-2:27pm.MP4,2024-03-22,481.77,00320002_GX020023_03.18.2024-03.24.2024_03.22.2024-2:27pm.MP4,BabyView_Main,00320002,8.0295,9.335548172757475,18,240.885,270.885
/BabyView_Main/00320002/00320002_GX020029_04.01.2024-04.07.2024_04.01.2024-4:11pm.MP4,2024-04-01,482.99,00320002_GX020029_04.01.2024-04.07.2024_04.01.2024-4:11pm.MP4,BabyView_Main,00320002,8.049833333333334,9.667774086378737,24,241.495,271.495
/BabyView_Main/00320002/00320002_GX020032_04.08.2024-04.14.2024_04.12.2024-11:57am.MP4,2024-04-12,774.81,00320002_GX020032_04.08.2024-04.14.2024_04.12.2024-11:57am.MP4,BabyView_Main,00320002,12.913499999999999,10.033222591362126,30,387.405,417.405
/BabyView_Main/00320002/00320002_GX020042_04.22.2024-04.28.2024_04.22.2024-12:07pm.MP4,2024-04-22,960.98,00320002_GX020042_04.22.2024-04.28.2024_04.22.2024-12:07pm.MP4,BabyView_Main,00320002,16.016333333333332,10.365448504983389,36,480.49,510.49
/BabyView_Main/00320003/00320003_GX010016_02.12.2024-02.18.2024_02.16.2024-5:08pm.MP4,2024-02-16,479.55,00320003_GX010016_02.12.2024-02.18.2024_02.16.2024-5:08pm.MP4,BabyView_Main,00320003,7.992500000000001,8.172757475083056,6,239.775,269.775
/BabyView_Main/00320003/00320003_GX010021_02.19.2024-02.25.2024_02.23.2024-6:54pm.MP4,2024-02-23,1025.05,00320003_GX010021_02.19.2024-02.25.2024_02.23.2024-6:54pm.MP4,BabyView_Main,00320003,17.084166666666665,8.40531561461794,12,512.525,542.525
/BabyView_Main/00320003/00320003_GX030029_02.26.2024-03.03.2024_03.03.2024-6:38pm.MP4,2024-03-03,896.92,00320003_GX030029_02.26.2024-03.03.2024_03.03.2024-6:38pm.MP4,BabyView_Main,00320003,14.948666666666666,8.704318936877076,18,448.46,478.46
/BabyView_Main/00320003/00320003_GX010040_03.11.2024-03.17.2024_03.16.2024-NA.MP4,2024-03-16,768.79,00320003_GX010040_03.11.2024-03.17.2024_03.16.2024-NA.MP4,BabyView_Main,00320003,12.813166666666666,9.136212624584717,24,384.395,414.395
/BabyView_Main/00320003/00320003_GX010046_03.11.2024-03.17.2024_03.17.2024-1:42pm.MP4,2024-03-17,768.79,00320003_GX010046_03.11.2024-03.17.2024_03.17.2024-1:42pm.MP4,BabyView_Main,00320003,12.813166666666666,9.169435215946843,30,384.395,414.395
/BabyView_Main/00320003/00320003_GX020048_03.18.2024-03.24.2024_03.24.2024-1:15pm.MP4,2024-03-24,768.79,00320003_GX020048_03.18.2024-03.24.2024_03.24.2024-1:15pm.MP4,BabyView_Main,00320003,12.813166666666666,9.401993355481727,36,384.395,414.395
/BabyView_Main/00320003/00320003_GX020050_03.25.2024-03.31.2024_03.31.2024-12:50pm.MP4,2024-03-31,704.73,00320003_GX020050_03.25.2024-03.31.2024_03.31.2024-12:50pm.MP4,BabyView_Main,00320003,11.7455,9.634551495016611,42,352.365,382.365
/BabyView_Main/00320003/00320003_GX020057_04.08.2024-04.14.2024_04.14.2024-9:35am.MP4,2024-04-14,768.79,00320003_GX020057_04.08.2024-04.14.2024_04.14.2024-9:35am.MP4,BabyView_Main,00320003,12.813166666666666,10.099667774086377,48,384.395,414.395
/BabyView_Main/00320003/00320003_GX030061_04.15.2024-04.21.2024_04.21.2024-7:53am.MP4,2024-04-21,640.24,00320003_GX030061_04.15.2024-04.21.2024_04.21.2024-7:53am.MP4,BabyView_Main,00320003,10.670666666666667,10.332225913621262,54,320.12,350.12
/BabyView_Main/00320003/00320003_GX010063__2024-04-29-00:59:14.MP4,2024-04-29,434.4,00320003_GX010063__2024-04-29-00:59:14.MP4,BabyView_Main,00320003,7.239999999999999,10.598006644518271,60,217.2,247.2
/BabyView_Main/00350001/00350001_GX020021_11.27.2023-12.03.2023_12.03.2023-NA.MP4,2023-12-03,536.11,00350001_GX020021_11.27.2023-12.03.2023_12.03.2023-NA.MP4,BabyView_Main,00350001,8.935166666666667,10.132890365448505,6,268.055,298.055
/BabyView_Main/00370001/00370001_GX010005_01.01.2024-01.07.2024_01.03.2024-7:05am.MP4,2024-01-03,1089.11,00370001_GX010005_01.01.2024-01.07.2024_01.03.2024-7:05am.MP4,BabyView_Main,00370001,18.151833333333332,9.767441860465116,6,544.555,574.555
/BabyView_Main/00370001/00370001_GX010007_01.08.2024-01.14.2024_01.14.2024-10:25am.MP4,2024-01-14,832.85,00370001_GX010007_01.08.2024-01.14.2024_01.14.2024-10:25am.MP4,BabyView_Main,00370001,13.880833333333333,10.132890365448505,12,416.425,446.425
/BabyView_Main/00370001/00370001_GX040007_01.15.2024-01.21.2024_01.14.2024-NA.MP4,2024-01-14,884.35,00370001_GX040007_01.15.2024-01.21.2024_01.14.2024-NA.MP4,BabyView_Main,00370001,14.739166666666668,10.132890365448505,18,442.175,472.175
/BabyView_Main/00370001/00370001_GX020010_01.15.2024-01.21.2024_01.21.2024-8:11am.MP4,2024-01-21,896.92,00370001_GX020010_01.15.2024-01.21.2024_01.21.2024-8:11am.MP4,BabyView_Main,00370001,14.948666666666666,10.365448504983389,24,448.46,478.46
/BabyView_Main/00370001/00370001_GX020014_01.22.2024-01.28.2024_01.28.2024-7:17am.MP4,2024-01-28,896.92,00370001_GX020014_01.22.2024-01.28.2024_01.28.2024-7:17am.MP4,BabyView_Main,00370001,14.948666666666666,10.598006644518271,30,448.46,478.46
/BabyView_Main/00370001/00370001_GX010016_02.12.2024-02.18.2024_02.17.2024-7:03am.MP4,2024-02-17,896.92,00370001_GX010016_02.12.2024-02.18.2024_02.17.2024-7:03am.MP4,BabyView_Main,00370001,14.948666666666666,11.262458471760796,36,448.46,478.46
/BabyView_Main/00370001/00370001_GX020018_02.19.2024-02.25.2024_02.18.2024-7:07am.MP4,2024-02-18,832.85,00370001_GX020018_02.19.2024-02.25.2024_02.18.2024-7:07am.MP4,BabyView_Main,00370001,13.880833333333333,11.295681063122924,42,416.425,446.425
/BabyView_Main/00370001/00370001_GX010023_02.26.2024-03.03.2024_03.03.2024-2:40pm.MP4,2024-03-03,896.92,00370001_GX010023_02.26.2024-03.03.2024_03.03.2024-2:40pm.MP4,BabyView_Main,00370001,14.948666666666666,11.76079734219269,48,448.46,478.46
/BabyView_Main/00370001/00370001_GX020024_03.11.2024-03.17.2024_03.13.2024-6:49am.MP4,2024-03-13,535.24,00370001_GX020024_03.11.2024-03.17.2024_03.13.2024-6:49am.MP4,BabyView_Main,00370001,8.920666666666667,12.093023255813954,54,267.62,297.62
/BabyView_Main/00370001/00370001_GX020026_03.11.2024-03.17.2024_03.16.2024-6:00pm.MP4,2024-03-16,459.09,00370001_GX020026_03.11.2024-03.17.2024_03.16.2024-6:00pm.MP4,BabyView_Main,00370001,7.6514999999999995,12.192691029900331,60,229.545,259.54499999999996
/BabyView_Main/00370001/00370001_GX010030_03.25.2024-03.31.2024_03.26.2024-6:30pm.MP4,2024-03-26,704.73,00370001_GX010030_03.25.2024-03.31.2024_03.26.2024-6:30pm.MP4,BabyView_Main,00370001,11.7455,12.524916943521594,66,352.365,382.365
/BabyView_Main/00370001/00370001_GX010034_04.01.2024-04.07.2024_04.04.2024-4:19pm.MP4,2024-04-04,704.73,00370001_GX010034_04.01.2024-04.07.2024_04.04.2024-4:19pm.MP4,BabyView_Main,00370001,11.7455,12.82392026578073,72,352.365,382.365
/BabyView_Main/00370001/00370001_GX010044_04.08.2024-04.14.2024_04.14.2024-7:45am.MP4,2024-04-14,690.09,00370001_GX010044_04.08.2024-04.14.2024_04.14.2024-7:45am.MP4,BabyView_Main,00370001,11.5015,13.156146179401993,78,345.045,375.045
/BabyView_Main/00370001/00370001_GX020046_04.15.2024-04.21.2024_04.21.2024-4:12pm.MP4,2024-04-21,481.88,00370001_GX020046_04.15.2024-04.21.2024_04.21.2024-4:12pm.MP4,BabyView_Main,00370001,8.031333333333333,13.388704318936876,84,240.94,270.94
/BabyView_Main/00370001/00370001_GX010051_04.22.2024-04.28.2024_04.25.2024-10:00am.MP4,2024-04-25,704.73,00370001_GX010051_04.22.2024-04.28.2024_04.25.2024-10:00am.MP4,BabyView_Main,00370001,11.7455,13.52159468438538,90,352.365,382.365
/BabyView_Main/00370002/00370002_GX010002_02.12.2024-02.18.2024_01.24.2024-4:00pm.MP4,2024-01-24,704.73,00370002_GX010002_02.12.2024-02.18.2024_01.24.2024-4:00pm.MP4,BabyView_Main,00370002,11.7455,8.903654485049833,6,352.365,382.365
/BabyView_Main/00370002/00370002_GX020003_01.29.2024-02.04.2024_01.31.2024-9:42am.MP4,2024-01-31,832.85,00370002_GX020003_01.29.2024-02.04.2024_01.31.2024-9:42am.MP4,BabyView_Main,00370002,13.880833333333333,9.136212624584717,12,416.425,446.425
/BabyView_Main/00370002/00370002_GX010006_02.12.2024-02.18.2024_02.02.2024-11:03am.MP4,2024-02-02,579.85,00370002_GX010006_02.12.2024-02.18.2024_02.02.2024-11:03am.MP4,BabyView_Main,00370002,9.664166666666667,9.20265780730897,18,289.925,319.925
/BabyView_Main/00370002/00370002_GX010012_01.29.2024-02.04.2024_02.03.2024-4:09pm.MP4,2024-02-03,704.73,00370002_GX010012_01.29.2024-02.04.2024_02.03.2024-4:09pm.MP4,BabyView_Main,00370002,11.7455,9.235880398671096,24,352.365,382.365
/BabyView_Main/00370002/00370002_GX020007_02.26.2024-03.03.2024_02.29.2024-10:26am.MP4,2024-02-29,704.73,00370002_GX020007_02.26.2024-03.03.2024_02.29.2024-10:26am.MP4,BabyView_Main,00370002,11.7455,10.099667774086377,30,352.365,382.365
/BabyView_Main/00370002/00370002_GX020011_03.11.2024-03.17.2024_03.15.2024-2:43pm.MP4,2024-03-15,704.73,00370002_GX020011_03.11.2024-03.17.2024_03.15.2024-2:43pm.MP4,BabyView_Main,00370002,11.7455,10.598006644518271,36,352.365,382.365
/BabyView_Main/00370002/00370002_GX030014_03.18.2024-03.24.2024_03.23.2024-4:12pm.MP4,2024-03-23,768.79,00370002_GX030014_03.18.2024-03.24.2024_03.23.2024-4:12pm.MP4,BabyView_Main,00370002,12.813166666666666,10.863787375415281,42,384.395,414.395
/BabyView_Main/00370002/00370002_GX010016_04.01.2024-04.07.2024_04.07.2024-5:02pm.MP4,2024-04-07,1025.05,00370002_GX010016_04.01.2024-04.07.2024_04.07.2024-5:02pm.MP4,BabyView_Main,00370002,17.084166666666665,11.362126245847175,48,512.525,542.525
/BabyView_Main/00370002/00370002_GX010018_04.08.2024-04.14.2024_04.14.2024-10:00am.MP4,2024-04-14,896.92,00370002_GX010018_04.08.2024-04.14.2024_04.14.2024-10:00am.MP4,BabyView_Main,00370002,14.948666666666666,11.59468438538206,54,448.46,478.46
/BabyView_Main/00370002/00370002_GX020020_04.22.2024-04.28.2024_2024-04-27-00:31:00.MP4,2024-04-27,704.73,00370002_GX020020_04.22.2024-04.28.2024_2024-04-27-00:31:00.MP4,BabyView_Main,00370002,11.7455,12.0265780730897,60,352.365,382.365
/BabyView_Main/00370002/00370002_GX010022_04.29.2024-05.05.2024_2024-05-04-01:24:43.MP4,2024-05-04,832.85,00370002_GX010022_04.29.2024-05.05.2024_2024-05-04-01:24:43.MP4,BabyView_Main,00370002,13.880833333333333,12.259136212624584,66,416.425,446.425
/BabyView_Main/00400001/00400001_GX020015_06.12.2023-06.18.2023_06.15.2023-6:00pm.MP4,2023-06-15,557.49,00400001_GX020015_06.12.2023-06.18.2023_06.15.2023-6:00pm.MP4,BabyView_Main,00400001,9.291500000000001,10.564784053156146,6,278.745,308.745
/BabyView_Main/00400001/00400001_GX020019_06.12.2023-06.18.2023_06.18.2023-9:47am.MP4,2023-06-18,602.87,00400001_GX020019_06.12.2023-06.18.2023_06.18.2023-9:47am.MP4,BabyView_Main,00400001,10.047833333333333,10.664451827242525,12,301.435,331.435
/BabyView_Main/00400001/00400001_GX020022_06.19.2023-06.25.2023_06.20.2023-7:16am.MP4,2023-06-20,896.92,00400001_GX020022_06.19.2023-06.25.2023_06.20.2023-7:16am.MP4,BabyView_Main,00400001,14.948666666666666,10.730897009966776,18,448.46,478.46
/BabyView_Main/00400001/00400001_GX020024_06.26.2023-07.02.2023_06.26.2023-5:21pm.MP4,2023-06-26,1025.05,00400001_GX020024_06.26.2023-07.02.2023_06.26.2023-5:21pm.MP4,BabyView_Main,00400001,17.084166666666665,10.930232558139535,24,512.525,542.525
/BabyView_Main/00400001/00400001_GX020024_2_06.26.2023-07.02.2023_06.30.2023-8:00am.MP4,2023-06-30,704.7,00400001_GX020024_2_06.26.2023-07.02.2023_06.30.2023-8:00am.MP4,BabyView_Main,00400001,11.745000000000001,11.06312292358804,30,352.35,382.35
/BabyView_Main/00400001/00400001_GX050025_06.26.2023-07.02.2023_07.01.2023-2:05pm.MP4,2023-07-01,386.18,00400001_GX050025_06.26.2023-07.02.2023_07.01.2023-2:05pm.MP4,BabyView_Main,00400001,6.436333333333334,11.096345514950166,36,193.09,223.09
/BabyView_Main/00400001/00400001_GX030027_07.03.2023-07.09.2023_07.03.2023-NA.MP4,2023-07-03,960.98,00400001_GX030027_07.03.2023-07.09.2023_07.03.2023-NA.MP4,BabyView_Main,00400001,16.016333333333332,11.162790697674419,42,480.49,510.49
/BabyView_Main/00400001/00400001_GX010029_1_07.03.2023-07.09.2023_07.06.2023-7:37am.MP4,2023-07-06,960.98,00400001_GX010029_1_07.03.2023-07.09.2023_07.06.2023-7:37am.MP4,BabyView_Main,00400001,16.016333333333332,11.262458471760796,48,480.49,510.49
/BabyView_Main/00400001/00400001_GX040030_07.03.2023-07.09.2023_07.08.2023-10:00am.MP4,2023-07-08,768.79,00400001_GX040030_07.03.2023-07.09.2023_07.08.2023-10:00am.MP4,BabyView_Main,00400001,12.813166666666666,11.32890365448505,54,384.395,414.395
/BabyView_Main/00400001/00400001_GX010038_07.17.2023-07.23.2023_07.18.2023-7:53am.MP4,2023-07-18,1025.05,00400001_GX010038_07.17.2023-07.23.2023_07.18.2023-7:53am.MP4,BabyView_Main,00400001,17.084166666666665,11.661129568106311,60,512.525,542.525
/BabyView_Main/00400001/00400001_GX030039_07.17.2023-07.23.2023_07.19.2023-NA.MP4,2023-07-19,832.85,00400001_GX030039_07.17.2023-07.23.2023_07.19.2023-NA.MP4,BabyView_Main,00400001,13.880833333333333,11.694352159468439,66,416.425,446.425
/BabyView_Main/00400001/00400001_GX020041_07.31.2023-08.06.2023_08.01.2023-8:20am.MP4,2023-08-01,768.79,00400001_GX020041_07.31.2023-08.06.2023_08.01.2023-8:20am.MP4,BabyView_Main,00400001,12.813166666666666,12.12624584717608,72,384.395,414.395
/BabyView_Main/00400001/00400001_GX010045_07.31.2023-08.06.2023_08.06.2023-5:50pm.MP4,2023-08-06,768.79,00400001_GX010045_07.31.2023-08.06.2023_08.06.2023-5:50pm.MP4,BabyView_Main,00400001,12.813166666666666,12.29235880398671,78,384.395,414.395
/BabyView_Main/00400001/00400001_GX010054_08.07.2023-08.13.2023_08.07.2023-3:45pm.MP4,2023-08-07,768.79,00400001_GX010054_08.07.2023-08.13.2023_08.07.2023-3:45pm.MP4,BabyView_Main,00400001,12.813166666666666,12.325581395348836,84,384.395,414.395
/BabyView_Main/00400001/00400001_GX040046_08.07.2023-08.13.2023_08.07.2023-9:36am.MP4,2023-08-07,477.74,00400001_GX040046_08.07.2023-08.13.2023_08.07.2023-9:36am.MP4,BabyView_Main,00400001,7.9623333333333335,12.325581395348836,90,238.87,268.87
/BabyView_Main/00400001/00400001_GX040048_2_08.07.2023-08.13.2023_08.08.2023-9:00am.MP4,2023-08-08,579.61,00400001_GX040048_2_08.07.2023-08.13.2023_08.08.2023-9:00am.MP4,BabyView_Main,00400001,9.660166666666667,12.358803986710964,96,289.805,319.805
/BabyView_Main/00400001/00400001_GX010051_08.14.2023-08.20.2023_NA-NA.MP4,2023-08-14,896.9,00400001_GX010051_08.14.2023-08.20.2023_NA-NA.MP4,BabyView_Main,00400001,14.948333333333332,12.55813953488372,102,448.45,478.45
/BabyView_Main/00400001/00400001_GX010056_08.21.2023-08.27.2023_08.24.2023-7:08am.MP4,2023-08-24,896.9,00400001_GX010056_08.21.2023-08.27.2023_08.24.2023-7:08am.MP4,BabyView_Main,00400001,14.948333333333332,12.890365448504983,108,448.45,478.45
/BabyView_Main/00400001/00400001_GX010060_08.21.2023-08.27.2023_08.26.2023-9:27am.MP4,2023-08-26,832.83,00400001_GX010060_08.21.2023-08.27.2023_08.26.2023-9:27am.MP4,BabyView_Main,00400001,13.880500000000001,12.956810631229235,114,416.415,446.415
/BabyView_Main/00400001/00400001_GX010063_08.28.2023-09.03.2023_09.02.2023-9:36am.MP4,2023-09-02,768.77,00400001_GX010063_08.28.2023-09.03.2023_09.02.2023-9:36am.MP4,BabyView_Main,00400001,12.812833333333334,13.18936877076412,120,384.385,414.385
/BabyView_Main/00400001/00400001_GX030064_09.04.2023-09.10.2023_09.03.2023-8:22am.MP4,2023-09-03,832.83,00400001_GX030064_09.04.2023-09.10.2023_09.03.2023-8:22am.MP4,BabyView_Main,00400001,13.880500000000001,13.222591362126245,126,416.415,446.415
/BabyView_Main/00400001/00400001_GX010066_09.04.2023-09.10.2023_09.06.2023-8:38am.MP4,2023-09-06,896.9,00400001_GX010066_09.04.2023-09.10.2023_09.06.2023-8:38am.MP4,BabyView_Main,00400001,14.948333333333332,13.322259136212624,132,448.45,478.45
/BabyView_Main/00400001/00400001_GX020069_09.11.2023-09.17.2023_09.11.2023-8:59am.MP4,2023-09-11,695.26,00400001_GX020069_09.11.2023-09.17.2023_09.11.2023-8:59am.MP4,BabyView_Main,00400001,11.587666666666667,13.488372093023255,138,347.63,377.63
/BabyView_Main/00400001/00400001_GX040071_09.17.2023-09.24.2023_09.19.2023-8:52am.MP4,2023-09-19,361.23,00400001_GX040071_09.17.2023-09.24.2023_09.19.2023-8:52am.MP4,BabyView_Main,00400001,6.0205,13.754152823920265,144,180.615,210.615
/BabyView_Main/00400001/00400001_GX020073_09.17.2023-09.24.2023_09.23.2023-8:47am.MP4,2023-09-23,896.9,00400001_GX020073_09.17.2023-09.24.2023_09.23.2023-8:47am.MP4,BabyView_Main,00400001,14.948333333333332,13.88704318936877,150,448.45,478.45
/BabyView_Main/00400001/00400001_GX010077_09.25.2023-10.01.2023_09.28.2023-6:20pm.MP4,2023-09-28,832.83,00400001_GX010077_09.25.2023-10.01.2023_09.28.2023-6:20pm.MP4,BabyView_Main,00400001,13.880500000000001,14.0531561461794,156,416.415,446.415
/BabyView_Main/00400001/00400001_GX030078_09.25.2023-10.01.2023_09.29.2023-7:58am.MP4,2023-09-29,422.06,00400001_GX030078_09.25.2023-10.01.2023_09.29.2023-7:58am.MP4,BabyView_Main,00400001,7.0343333333333335,14.086378737541528,162,211.03,241.03
/BabyView_Main/00400001/00400001_GX010080_10.02.2023-10.08.2023_10.01.2023-8:24am.MP4,2023-10-01,896.9,00400001_GX010080_10.02.2023-10.08.2023_10.01.2023-8:24am.MP4,BabyView_Main,00400001,14.948333333333332,14.15282392026578,168,448.45,478.45
/BabyView_Main/00400001/00400001_GX020086_10.02.2023-10.08.2023_10.07.2023-5:21pm.MP4,2023-10-07,768.77,00400001_GX020086_10.02.2023-10.08.2023_10.07.2023-5:21pm.MP4,BabyView_Main,00400001,12.812833333333334,14.352159468438538,174,384.385,414.385
/BabyView_Main/00400001/00400001_GX020090_1_10.09.2023-10.15.2023_10.09.2023-5:32pm.MP4,2023-10-09,704.7,00400001_GX020090_1_10.09.2023-10.15.2023_10.09.2023-5:32pm.MP4,BabyView_Main,00400001,11.745000000000001,14.41860465116279,180,352.35,382.35
/BabyView_Main/00400001/00400001_GX020090_2_10.09.2023-10.15.2023_10.11.2023-8:51am.MP4,2023-10-11,832.83,00400001_GX020090_2_10.09.2023-10.15.2023_10.11.2023-8:51am.MP4,BabyView_Main,00400001,13.880500000000001,14.485049833887043,186,416.415,446.415
/BabyView_Main/00400001/00400001_GX010093_10.16.2023-10.22.2023_10.14.2023-NA.MP4,2023-10-14,832.83,00400001_GX010093_10.16.2023-10.22.2023_10.14.2023-NA.MP4,BabyView_Main,00400001,13.880500000000001,14.58471760797342,192,416.415,446.415
/BabyView_Main/00400001/00400001_GX020095_10.16.2023-10.22.2023_10.21.2023-9:42am.MP4,2023-10-21,568.3,00400001_GX020095_10.16.2023-10.22.2023_10.21.2023-9:42am.MP4,BabyView_Main,00400001,9.471666666666666,14.817275747508305,198,284.15,314.15
/BabyView_Main/00400001/00400001_GX010100_10.23.2023-10.29.2023_10.29.2023-5:38pm.MP4,2023-10-29,896.9,00400001_GX010100_10.23.2023-10.29.2023_10.29.2023-5:38pm.MP4,BabyView_Main,00400001,14.948333333333332,15.083056478405314,204,448.45,478.45
/BabyView_Main/00400001/00400001_GX010103_10.30.2023-11.05.2023_11.05.2023-9:06am.MP4,2023-11-05,726.79,00400001_GX010103_10.30.2023-11.05.2023_11.05.2023-9:06am.MP4,BabyView_Main,00400001,12.113166666666666,15.315614617940199,210,363.395,393.395
/BabyView_Main/00400001/00400001_GX010109_11.06.2023-11.12.2023_11.11.2023-5:41pm.MP4,2023-11-11,832.83,00400001_GX010109_11.06.2023-11.12.2023_11.11.2023-5:41pm.MP4,BabyView_Main,00400001,13.880500000000001,15.514950166112957,216,416.415,446.415
/BabyView_Main/00400001/00400001_GX020111_11.13.2023-11.19.2023_11.18.2023-10:23am.MP4,2023-11-18,768.77,00400001_GX020111_11.13.2023-11.19.2023_11.18.2023-10:23am.MP4,BabyView_Main,00400001,12.812833333333334,15.74750830564784,222,384.385,414.385
/BabyView_Main/00400001/00400001_GX010117_12.11.2023-12.17.2023_12.16.2023-8:34am.MP4,2023-12-16,704.73,00400001_GX010117_12.11.2023-12.17.2023_12.16.2023-8:34am.MP4,BabyView_Main,00400001,11.7455,16.677740863787374,228,352.365,382.365
/BabyView_Main/00400001/00400001_GX020118_12.18.2023-12.24.2023_12.21.2023-8:43am.MP4,2023-12-21,832.85,00400001_GX020118_12.18.2023-12.24.2023_12.21.2023-8:43am.MP4,BabyView_Main,00400001,13.880833333333333,16.843853820598007,234,416.425,446.425
/BabyView_Main/00400001/00400001_GX020120_12.18.2023-12.24.2023_12.25.2023-6:17pm.MP4,2023-12-25,768.79,00400001_GX020120_12.18.2023-12.24.2023_12.25.2023-6:17pm.MP4,BabyView_Main,00400001,12.813166666666666,16.97674418604651,240,384.395,414.395
/BabyView_Main/00400001/00400001_GX010122_12.25.2023-12.31.2023_12.31.2023-8:19am.MP4,2023-12-31,832.85,00400001_GX010122_12.25.2023-12.31.2023_12.31.2023-8:19am.MP4,BabyView_Main,00400001,13.880833333333333,17.176079734219268,246,416.425,446.425
/BabyView_Main/00400001/00400001_GX010128_01.01.2024-01.07.2024_2024-01-09-00:41:58.MP4,2024-01-09,704.73,00400001_GX010128_01.01.2024-01.07.2024_2024-01-09-00:41:58.MP4,BabyView_Main,00400001,11.7455,17.475083056478404,252,352.365,382.365
/BabyView_Main/00400001/00400001_GX010131_01.08.2024-01.14.2024_01.14.2024-8:28am.MP4,2024-01-14,559.16,00400001_GX010131_01.08.2024-01.14.2024_01.14.2024-8:28am.MP4,BabyView_Main,00400001,9.319333333333333,17.641196013289036,258,279.58,309.58
/BabyView_Main/00400001/00400001_GX010134_01.22.2024-01.28.2024_01.21.2024-10:15am.MP4,2024-01-21,610.84,00400001_GX010134_01.22.2024-01.28.2024_01.21.2024-10:15am.MP4,BabyView_Main,00400001,10.180666666666667,17.87375415282392,264,305.42,335.42
/BabyView_Main/00400001/00400001_GX030141_01.29.2024-02.04.2024_01.31.2024-5:59pm.MP4,2024-01-31,546.65,00400001_GX030141_01.29.2024-02.04.2024_01.31.2024-5:59pm.MP4,BabyView_Main,00400001,9.110833333333334,18.205980066445182,270,273.325,303.325
/BabyView_Main/00400001/00400001_GX010148_02.19.2024-02.25.2024_02.19.2024-8:30am.MP4,2024-02-19,768.79,00400001_GX010148_02.19.2024-02.25.2024_02.19.2024-8:30am.MP4,BabyView_Main,00400001,12.813166666666666,18.83720930232558,276,384.395,414.395
/BabyView_Main/00400001/00400001_GX010161_03.04.2024-03.10.2024_03.10.2024-9:05am.MP4,2024-03-10,832.85,00400001_GX010161_03.04.2024-03.10.2024_03.10.2024-9:05am.MP4,BabyView_Main,00400001,13.880833333333333,19.501661129568106,282,416.425,446.425
/BabyView_Main/00400001/00400001_GX010166_03.25.2024-03.31.2024_03.17.2024-6:52pm.MP4,2024-03-17,768.79,00400001_GX010166_03.25.2024-03.31.2024_03.17.2024-6:52pm.MP4,BabyView_Main,00400001,12.813166666666666,19.73421926910299,288,384.395,414.395
/BabyView_Main/00400001/00400001_GX040167_03.25.2024-03.31.2024_03.31.2024-9:20am.MP4,2024-03-31,896.92,00400001_GX040167_03.25.2024-03.31.2024_03.31.2024-9:20am.MP4,BabyView_Main,00400001,14.948666666666666,20.199335548172755,294,448.46,478.46
/BabyView_Main/00400001/00400001_GX020171_04.15.2024-04.21.2024_04.21.2024-10:04am.MP4,2024-04-21,813.36,00400001_GX020171_04.15.2024-04.21.2024_04.21.2024-10:04am.MP4,BabyView_Main,00400001,13.556000000000001,20.897009966777407,300,406.68,436.68
/BabyView_Main/00400002/00400002_GX030011_11.20.2023-11.26.2023_11.26.2023-10:51am.MP4,2023-11-26,645.58,00400002_GX030011_11.20.2023-11.26.2023_11.26.2023-10:51am.MP4,BabyView_Main,00400002,10.759666666666668,12.956810631229235,6,322.79,352.79
/BabyView_Main/00400002/00400002_GX020013_12.04.2023-12.10.2023_12.05.2023-NA.MP4,2023-12-05,768.79,00400002_GX020013_12.04.2023-12.10.2023_12.05.2023-NA.MP4,BabyView_Main,00400002,12.813166666666666,13.25581395348837,12,384.395,414.395
/BabyView_Main/00400002/00400002_GX020021_12.11.2023-12.17.2023_12.17.2023-7:47pm.MP4,2023-12-17,940.81,00400002_GX020021_12.11.2023-12.17.2023_12.17.2023-7:47pm.MP4,BabyView_Main,00400002,15.680166666666667,13.654485049833886,18,470.405,500.405
/BabyView_Main/00400002/00400002_GX010023-2_12.18.2023-12.24.2023_12.20.2023-9:51am.MP4,2023-12-20,960.98,00400002_GX010023-2_12.18.2023-12.24.2023_12.20.2023-9:51am.MP4,BabyView_Main,00400002,16.016333333333332,13.754152823920265,24,480.49,510.49
/BabyView_Main/00400002/00400002_GX030029_12.25.2023-12.31.2023_12.28.2023-NA.MP4,2023-12-28,1089.11,00400002_GX030029_12.25.2023-12.31.2023_12.28.2023-NA.MP4,BabyView_Main,00400002,18.151833333333332,14.019933554817275,30,544.555,574.555
/BabyView_Main/00400002/00400002_GX010031_01.01.2024-01.07.2024_01.06.2024-8:22am.MP4,2024-01-06,960.98,00400002_GX010031_01.01.2024-01.07.2024_01.06.2024-8:22am.MP4,BabyView_Main,00400002,16.016333333333332,14.31893687707641,36,480.49,510.49
/BabyView_Main/00400002/00400002_GX020033_01.15.2024-01.21.2024_01.20.2024-9:01am.MP4,2024-01-20,896.92,00400002_GX020033_01.15.2024-01.21.2024_01.20.2024-9:01am.MP4,BabyView_Main,00400002,14.948666666666666,14.784053156146179,42,448.46,478.46
/BabyView_Main/00400002/00400002_GX020031-1_01.08.2024-01.14.2024_2024-01-21-02:11:37.MP4,2024-01-21,1601.62,00400002_GX020031-1_01.08.2024-01.14.2024_2024-01-21-02:11:37.MP4,BabyView_Main,00400002,26.693666666666665,14.817275747508305,48,800.81,830.81
/BabyView_Main/00400002/00400002_GX030039_01.29.2024-02.04.2024_02.01.2024-9:57am.MP4,2024-02-01,832.85,00400002_GX030039_01.29.2024-02.04.2024_02.01.2024-9:57am.MP4,BabyView_Main,00400002,13.880833333333333,15.182724252491694,54,416.425,446.425
/BabyView_Main/00400002/00400002_GX030043_02.05.2024-02.11.2024_02.11.2024-8:23am.MP4,2024-02-11,707.48,00400002_GX030043_02.05.2024-02.11.2024_02.11.2024-8:23am.MP4,BabyView_Main,00400002,11.791333333333334,15.514950166112957,60,353.74,383.74
/BabyView_Main/00400002/00400002_GX010045_02.12.2024-02.18.2024_02.12.2024-6:20pm.MP4,2024-02-12,1089.11,00400002_GX010045_02.12.2024-02.18.2024_02.12.2024-6:20pm.MP4,BabyView_Main,00400002,18.151833333333332,15.548172757475083,66,544.555,574.555
/BabyView_Main/00400002/00400002_GX020046_02.19.2024-02.25.2024_02.18.2024-8:29am.MP4,2024-02-18,1153.17,00400002_GX020046_02.19.2024-02.25.2024_02.18.2024-8:29am.MP4,BabyView_Main,00400002,19.2195,15.74750830564784,72,576.585,606.585
/BabyView_Main/00400002/00400002_GX010047_03.04.2024-03.10.2024_03.01.2024-6:14pm.MP4,2024-03-01,2178.2,00400002_GX010047_03.04.2024-03.10.2024_03.01.2024-6:14pm.MP4,BabyView_Main,00400002,36.30333333333333,16.146179401993354,78,1089.1,1119.1
/BabyView_Main/00400002/00400002_GX020048_03.04.2024-03.10.2024_03.10.2024-NA.MP4,2024-03-10,896.92,00400002_GX020048_03.04.2024-03.10.2024_03.10.2024-NA.MP4,BabyView_Main,00400002,14.948666666666666,16.44518272425249,84,448.46,478.46
/BabyView_Main/00400002/00400002_GX020047_02.26.2024-03.03.2024_03.18.2024-8:57am.MP4,2024-03-18,1153.17,00400002_GX020047_02.26.2024-03.03.2024_03.18.2024-8:57am.MP4,BabyView_Main,00400002,19.2195,16.7109634551495,90,576.585,606.585
/BabyView_Main/00400002/00400002_GX010051_03.25.2024-03.31.2024_03.25.2024-5:56pm.MP4,2024-03-25,1025.05,00400002_GX010051_03.25.2024-03.31.2024_03.25.2024-5:56pm.MP4,BabyView_Main,00400002,17.084166666666665,16.943521594684384,96,512.525,542.525
/BabyView_Main/00400002/00400002_GX040052_04.01.2024-04.07.2024_04.01.2024-9:52am.MP4,2024-04-01,450.28,00400002_GX040052_04.01.2024-04.07.2024_04.01.2024-9:52am.MP4,BabyView_Main,00400002,7.504666666666666,17.176079734219268,102,225.14,255.14
/BabyView_Main/00400002/00400002_GX010054_04.08.2024-04.14.2024_04.14.2024-NA.MP4,2024-04-14,704.73,00400002_GX010054_04.08.2024-04.14.2024_04.14.2024-NA.MP4,BabyView_Main,00400002,11.7455,17.60797342192691,108,352.365,382.365
/BabyView_Main/00400002/00400002_GX010057_04.29.2024-05.05.2024_2024-05-05-21:10:03.MP4,2024-05-05,706.84,00400002_GX010057_04.29.2024-05.05.2024_2024-05-05-21:10:03.MP4,BabyView_Main,00400002,11.780666666666667,18.30564784053156,114,353.42,383.42
/BabyView_Main/00400003/00400003_GX030003_11.27.2023-12.03.2023_11.29.2023-7:00am.MP4,2023-11-29,1025.05,00400003_GX030003_11.27.2023-12.03.2023_11.29.2023-7:00am.MP4,BabyView_Main,00400003,17.084166666666665,10,6,512.525,542.525
/BabyView_Main/00400003/00400003_GX010005_12.11.2023-12.17.2023_12.13.2023-10:40am.MP4,2023-12-13,896.92,00400003_GX010005_12.11.2023-12.17.2023_12.13.2023-10:40am.MP4,BabyView_Main,00400003,14.948666666666666,10.465116279069766,12,448.46,478.46
/BabyView_Main/00400003/00400003_GX010007_12.11.2023-12.17.2023_12.17.2023-5:12pm.MP4,2023-12-17,1089.11,00400003_GX010007_12.11.2023-12.17.2023_12.17.2023-5:12pm.MP4,BabyView_Main,00400003,18.151833333333332,10.598006644518271,18,544.555,574.555
/BabyView_Main/00400003/00400003_GX010009_12.18.2023-12.24.2023_12.23.2023-6:00pm.MP4,2023-12-23,1217.24,00400003_GX010009_12.18.2023-12.24.2023_12.23.2023-6:00pm.MP4,BabyView_Main,00400003,20.287333333333333,10.79734219269103,24,608.62,638.62
/BabyView_Main/00400003/00400003_GX020012_12.25.2023-12.31.2023_12.28.2023-3:30pm.MP4,2023-12-28,726.76,00400003_GX020012_12.25.2023-12.31.2023_12.28.2023-3:30pm.MP4,BabyView_Main,00400003,12.112666666666666,10.96345514950166,30,363.38,393.38
/BabyView_Main/00400003/00400003_GX030016_01.01.2024-01.07.2024_01.04.2024-8:00am.MP4,2024-01-04,852.02,00400003_GX030016_01.01.2024-01.07.2024_01.04.2024-8:00am.MP4,BabyView_Main,00400003,14.200333333333333,11.196013289036545,36,426.01,456.01
/BabyView_Main/00400003/00400003_GX010021_01.22.2024-01.28.2024_01.24.2024-3:30pm.MP4,2024-01-24,832.85,00400003_GX010021_01.22.2024-01.28.2024_01.24.2024-3:30pm.MP4,BabyView_Main,00400003,13.880833333333333,11.86046511627907,42,416.425,446.425
/BabyView_Main/00400003/00400003_GX010023_01.01.2024-01.07.2024_01.31.2024-5:00pm.MP4,2024-01-31,1089.11,00400003_GX010023_01.01.2024-01.07.2024_01.31.2024-5:00pm.MP4,BabyView_Main,00400003,18.151833333333332,12.093023255813954,48,544.555,574.555
/BabyView_Main/00400003/00400003_GX010024_01.01.2024-01.07.2024_02.04.2024-11:00am.MP4,2024-02-04,1025.05,00400003_GX010024_01.01.2024-01.07.2024_02.04.2024-11:00am.MP4,BabyView_Main,00400003,17.084166666666665,12.225913621262459,54,512.525,542.525
/BabyView_Main/00400003/00400003_GX010025_02.05.2024-02.11.2024_02.11.2024-NA.MP4,2024-02-11,896.92,00400003_GX010025_02.05.2024-02.11.2024_02.11.2024-NA.MP4,BabyView_Main,00400003,14.948666666666666,12.458471760797341,60,448.46,478.46
/BabyView_Main/00400003/00400003_GX020027_02.19.2024-02.25.2024_02.22.2024-7:00am.MP4,2024-02-22,960.98,00400003_GX020027_02.19.2024-02.25.2024_02.22.2024-7:00am.MP4,BabyView_Main,00400003,16.016333333333332,12.82392026578073,66,480.49,510.49
/BabyView_Main/00400003/00400003_GX030028_12.04.2023-12.10.2023_02.28.2024-5:40pm.MP4,2024-02-28,960.98,00400003_GX030028_12.04.2023-12.10.2023_02.28.2024-5:40pm.MP4,BabyView_Main,00400003,16.016333333333332,13.023255813953488,72,480.49,510.49
/BabyView_Main/00400003/00400003_GX020029_12.04.2023-12.10.2023_03.04.2024-6:50am.MP4,2024-03-04,1025.05,00400003_GX020029_12.04.2023-12.10.2023_03.04.2024-6:50am.MP4,BabyView_Main,00400003,17.084166666666665,13.18936877076412,78,512.525,542.525
/BabyView_Main/00400003/00400003_GX020031_03.11.2024-03.17.2024_03.12.2024-5:51pm.MP4,2024-03-12,1025.05,00400003_GX020031_03.11.2024-03.17.2024_03.12.2024-5:51pm.MP4,BabyView_Main,00400003,17.084166666666665,13.455149501661129,84,512.525,542.525
/BabyView_Main/00400003/00400003_GX020033_03.25.2024-03.31.2024_03.28.2024-7:20am.MP4,2024-03-28,896.92,00400003_GX020033_03.25.2024-03.31.2024_03.28.2024-7:20am.MP4,BabyView_Main,00400003,14.948666666666666,13.986710963455149,90,448.46,478.46
/BabyView_Main/00400003/00400003_GX010042_04.08.2024-04.14.2024_04.12.2024-5:25pm.MP4,2024-04-12,768.79,00400003_GX010042_04.08.2024-04.14.2024_04.12.2024-5:25pm.MP4,BabyView_Main,00400003,12.813166666666666,14.485049833887043,96,384.395,414.395
/BabyView_Main/00400003/00400003_GX010046_04.22.2024-04.28.2024_04.25.2024-8:00am.MP4,2024-04-25,1089.11,00400003_GX010046_04.22.2024-04.28.2024_04.25.2024-8:00am.MP4,BabyView_Main,00400003,18.151833333333332,14.916943521594684,102,544.555,574.555
/BabyView_Main/00420001/00420001_GX020006_03.25.2024-03.31.2024_03.30.2024-8:23am.MP4,2024-03-30,305.26,00420001_GX020006_03.25.2024-03.31.2024_03.30.2024-8:23am.MP4,BabyView_Main,00420001,5.087666666666666,9.601328903654485,6,152.63,182.63
/BabyView_Main/00420001/00420001_GX020009_04.01.2024-04.07.2024_04.02.2024-8:46pm.MP4,2024-04-02,704.73,00420001_GX020009_04.01.2024-04.07.2024_04.02.2024-8:46pm.MP4,BabyView_Main,00420001,11.7455,9.700996677740862,12,352.365,382.365
/BabyView_Main/00420001/00420001_GX010011_04.08.2024-04.14.2024_04.11.2024-12:24pm.MP4,2024-04-11,704.73,00420001_GX010011_04.08.2024-04.14.2024_04.11.2024-12:24pm.MP4,BabyView_Main,00420001,11.7455,10,18,352.365,382.365
/BabyView_Main/00420001/00420001_GX020018_04.08.2024-04.14.2024_04.13.2024-9:10am.MP4,2024-04-13,704.73,00420001_GX020018_04.08.2024-04.14.2024_04.13.2024-9:10am.MP4,BabyView_Main,00420001,11.7455,10.066445182724252,24,352.365,382.365
/BabyView_Main/00420001/00420001_GX020019_04.15.2024-04.21.2024_04.13.2024-4:17pm.MP4,2024-04-13,704.73,00420001_GX020019_04.15.2024-04.21.2024_04.13.2024-4:17pm.MP4,BabyView_Main,00420001,11.7455,10.066445182724252,30,352.365,382.365
/BabyView_Main/00420001/00420001_GX030023_04.15.2024-04.21.2024_04.20.2024-9:01am.MP4,2024-04-20,704.73,00420001_GX030023_04.15.2024-04.21.2024_04.20.2024-9:01am.MP4,BabyView_Main,00420001,11.7455,10.299003322259136,36,352.365,382.365
/BabyView_Main/00420001/00420001_GX010026_04.22.2024-04.28.2024_04.22.2024-NA.MP4,2024-04-22,704.73,00420001_GX010026_04.22.2024-04.28.2024_04.22.2024-NA.MP4,BabyView_Main,00420001,11.7455,10.365448504983389,42,352.365,382.365
/BabyView_Main/00420001/00420001_GX020027_04.22.2024-04.28.2024_04.23.2024-7:38pm.MP4,2024-04-23,704.73,00420001_GX020027_04.22.2024-04.28.2024_04.23.2024-7:38pm.MP4,BabyView_Main,00420001,11.7455,10.398671096345515,48,352.365,382.365
/BabyView_Main/00420001/00420001_GX010025__2024-04-30-02:46:41.MP4,2024-04-30,610.07,00420001_GX010025__2024-04-30-02:46:41.MP4,BabyView_Main,00420001,10.167833333333334,10.631229235880399,54,305.035,335.035
/BabyView_Main/00420001/00420001_GX010034__2024-04-30-03:29:11.MP4,2024-04-30,704.73,00420001_GX010034__2024-04-30-03:29:11.MP4,BabyView_Main,00420001,11.7455,10.631229235880399,60,352.365,382.365
/BabyView_Main/00420001/00420001_GX020026__2024-04-30-05:38:30.MP4,2024-04-30,694.81,00420001_GX020026__2024-04-30-05:38:30.MP4,BabyView_Main,00420001,11.580166666666665,10.631229235880399,66,347.405,377.405
/BabyView_Main/00430001/00430001_GX010006_07.10.2023-07.16.2023_07.12.2023-NA.MP4,2023-07-12,516.99,00430001_GX010006_07.10.2023-07.16.2023_07.12.2023-NA.MP4,BabyView_Main,00430001,8.6165,12.0265780730897,6,258.495,288.495
/BabyView_Main/00430001/00430001_GX020013_07.17.2023-07.23.2023_07.21.2023-7:29am.MP4,2023-07-21,830.26,00430001_GX020013_07.17.2023-07.23.2023_07.21.2023-7:29am.MP4,BabyView_Main,00430001,13.837666666666667,12.325581395348836,12,415.13,445.13
/BabyView_Main/00430001/00430001_GX010017_03.18.2024-03.24.2024_07.28.2023-NA.MP4,2023-07-28,769.41,00430001_GX010017_03.18.2024-03.24.2024_07.28.2023-NA.MP4,BabyView_Main,00430001,12.8235,12.55813953488372,18,384.705,414.705
/BabyView_Main/00430001/00430001_GX010021_07.31.2023-08.06.2023_08.04.2023-7:41am.MP4,2023-08-04,896.9,00430001_GX010021_07.31.2023-08.06.2023_08.04.2023-7:41am.MP4,BabyView_Main,00430001,14.948333333333332,12.790697674418604,24,448.45,478.45
/BabyView_Main/00430001/00430001_GX030022_08.07.2023-08.13.2023_08.08.2023-6:08pm.MP4,2023-08-08,851.99,00430001_GX030022_08.07.2023-08.13.2023_08.08.2023-6:08pm.MP4,BabyView_Main,00430001,14.199833333333334,12.92358803986711,30,425.995,455.995
/BabyView_Main/00430001/00430001_GX020027_08.21.2023-08.27.2023_08.23.2023-NA.MP4,2023-08-23,960.96,00430001_GX020027_08.21.2023-08.27.2023_08.23.2023-NA.MP4,BabyView_Main,00430001,16.016000000000002,13.421926910299003,36,480.48,510.48
/BabyView_Main/00430001/00430001_GX030030_08.28.2023-09.03.2023_09.02.2023-9:16am.MP4,2023-09-02,768.77,00430001_GX030030_08.28.2023-09.03.2023_09.02.2023-9:16am.MP4,BabyView_Main,00430001,12.812833333333334,13.754152823920265,42,384.385,414.385
/BabyView_Main/00430001/00430001_GX020033_09.04.2023-09.10.2023_09.10.2023-NA.MP4,2023-09-10,704.7,00430001_GX020033_09.04.2023-09.10.2023_09.10.2023-NA.MP4,BabyView_Main,00430001,11.745000000000001,14.019933554817275,48,352.35,382.35
/BabyView_Main/00430001/00430001_GX040034_09.11.2023-09.17.2023_09.16.2023-NA.MP4,2023-09-16,514.5,00430001_GX040034_09.11.2023-09.17.2023_09.16.2023-NA.MP4,BabyView_Main,00430001,8.575,14.219269102990033,54,257.25,287.25
/BabyView_Main/00430001/00430001_GX010038_09.25.2023-10.01.2023_09.30.2023-NA.MP4,2023-09-30,960.96,00430001_GX010038_09.25.2023-10.01.2023_09.30.2023-NA.MP4,BabyView_Main,00430001,16.016000000000002,14.6843853820598,60,480.48,510.48
/BabyView_Main/00430001/00430001_GX020041_10.02.2023-10.08.2023_10.06.2023-NA.MP4,2023-10-06,768.77,00430001_GX020041_10.02.2023-10.08.2023_10.06.2023-NA.MP4,BabyView_Main,00430001,12.812833333333334,14.883720930232558,66,384.385,414.385
/BabyView_Main/00430001/00430001_GX020046_10.23.2023-10.29.2023_10.29.2023-10:21am.MP4,2023-10-29,738.99,00430001_GX020046_10.23.2023-10.29.2023_10.29.2023-10:21am.MP4,BabyView_Main,00430001,12.3165,15.647840531561462,72,369.495,399.495
/BabyView_Main/00430001/00430001_GX020049__11.10.2023-5:16pm.MP4,2023-11-10,896.9,00430001_GX020049__11.10.2023-5:16pm.MP4,BabyView_Main,00430001,14.948333333333332,16.046511627906977,78,448.45,478.45
/BabyView_Main/00430001/00430001_GX010050__2023-11-20-14:25:41.MP4,2023-11-20,960.96,00430001_GX010050__2023-11-20-14:25:41.MP4,BabyView_Main,00430001,16.016000000000002,16.37873754152824,84,480.48,510.48
/BabyView_Main/00430001/00430001_GX030053_11.20.2023-11.26.2023_2023-11-27-13:09:47.MP4,2023-11-27,321.79,00430001_GX030053_11.20.2023-11.26.2023_2023-11-27-13:09:47.MP4,BabyView_Main,00430001,5.363166666666667,16.611295681063122,90,160.895,190.895
/BabyView_Main/00430001/00430001_GX030055_11.27.2023-12.03.2023_12.03.2023-NA.MP4,2023-12-03,1025.05,00430001_GX030055_11.27.2023-12.03.2023_12.03.2023-NA.MP4,BabyView_Main,00430001,17.084166666666665,16.81063122923588,96,512.525,542.525
/BabyView_Main/00430001/00430001_GX020056_12.04.2023-12.10.2023_12.05.2023-NA.MP4,2023-12-05,896.92,00430001_GX020056_12.04.2023-12.10.2023_12.05.2023-NA.MP4,BabyView_Main,00430001,14.948666666666666,16.877076411960132,102,448.46,478.46
/BabyView_Main/00430001/00430001_GX020059_12.11.2023-12.17.2023_12.16.2023-NA.MP4,2023-12-16,832.85,00430001_GX020059_12.11.2023-12.17.2023_12.16.2023-NA.MP4,BabyView_Main,00430001,13.880833333333333,17.24252491694352,108,416.425,446.425
/BabyView_Main/00430001/00430001_GX010061_12.18.2023-12.24.2023_12.22.2023-5:49pm.MP4,2023-12-22,832.85,00430001_GX010061_12.18.2023-12.24.2023_12.22.2023-5:49pm.MP4,BabyView_Main,00430001,13.880833333333333,17.441860465116278,114,416.425,446.425
/BabyView_Main/00430001/00430001_GX010063_01.08.2024-01.14.2024_01.13.2024-NA.MP4,2024-01-13,832.85,00430001_GX010063_01.08.2024-01.14.2024_01.13.2024-NA.MP4,BabyView_Main,00430001,13.880833333333333,18.172757475083056,120,416.425,446.425
/BabyView_Main/00430001/00430001_GX020065_01.15.2024-01.21.2024_01.16.2024-NA.MP4,2024-01-16,546.35,00430001_GX020065_01.15.2024-01.21.2024_01.16.2024-NA.MP4,BabyView_Main,00430001,9.105833333333333,18.272425249169434,126,273.175,303.175
/BabyView_Main/00430001/00430001_GX020071_01.22.2024-01.28.2024_01.27.2024-NA.MP4,2024-01-27,768.79,00430001_GX020071_01.22.2024-01.28.2024_01.27.2024-NA.MP4,BabyView_Main,00430001,12.813166666666666,18.637873754152825,132,384.395,414.395
/BabyView_Main/00440001/00440001_GX020041-1_02.19.2024-02.25.2024_02.19.2024-NA.MP4,2024-02-19,354.05,00440001_GX020041-1_02.19.2024-02.25.2024_02.19.2024-NA.MP4,BabyView_Main,00440001,5.900833333333334,13.754152823920265,6,177.025,207.025
/BabyView_Main/00440001/00440001_GX020043_03.04.2024-03.10.2024_02.25.2024-NA.MP4,2024-02-25,960.98,00440001_GX020043_03.04.2024-03.10.2024_02.25.2024-NA.MP4,BabyView_Main,00440001,16.016333333333332,13.953488372093023,12,480.49,510.49
/BabyView_Main/00440001/00440001_GX010048_04.22.2024-04.28.2024_04.22.2024-NA.MP4,2024-04-22,1025.05,00440001_GX010048_04.22.2024-04.28.2024_04.22.2024-NA.MP4,BabyView_Main,00440001,17.084166666666665,15.847176079734218,18,512.525,542.525
/BabyView_Main/00460001/00460001_GX030005_02.12.2024-02.18.2024_02.14.2024-1:47pm.MP4,2024-02-14,402.33,00460001_GX030005_02.12.2024-02.18.2024_02.14.2024-1:47pm.MP4,BabyView_Main,00460001,6.7055,11.162790697674419,6,201.165,231.165
/BabyView_Main/00460001/00460001_GX020011_02.26.2024-03.03.2024_NA-NA.MP4,2024-02-26,704.73,00460001_GX020011_02.26.2024-03.03.2024_NA-NA.MP4,BabyView_Main,00460001,11.7455,11.561461794019934,12,352.365,382.365
/BabyView_Main/00490001/00490001_GX010001_12.18.2023-12.24.2023_12.20.2023-8:30pm.MP4,2023-12-20,704.73,00490001_GX010001_12.18.2023-12.24.2023_12.20.2023-8:30pm.MP4,BabyView_Main,00490001,11.7455,12.757475083056478,6,352.365,382.365
/BabyView_Main/00490001/00490001_GX020005_12.25.2023-12.31.2023_12.28.2023-8:52am.MP4,2023-12-28,658.09,00490001_GX020005_12.25.2023-12.31.2023_12.28.2023-8:52am.MP4,BabyView_Main,00490001,10.968166666666667,13.023255813953488,12,329.045,359.045
/BabyView_Main/00490001/00490001_GX030007_01.01.2024-01.07.2024_01.05.2024-12:09pm.MP4,2024-01-05,704.73,00490001_GX030007_01.01.2024-01.07.2024_01.05.2024-12:09pm.MP4,BabyView_Main,00490001,11.7455,13.289036544850498,18,352.365,382.365
/BabyView_Main/00490001/00490001_GX020009_01.15.2024-01.21.2024_01.17.2024-7:52am.MP4,2024-01-17,832.85,00490001_GX020009_01.15.2024-01.21.2024_01.17.2024-7:52am.MP4,BabyView_Main,00490001,13.880833333333333,13.687707641196013,24,416.425,446.425
/BabyView_Main/00490001/00490001_GX010014_01.29.2024-02.04.2024_2024-02-09-04:42:00.MP4,2024-02-09,515.54,00490001_GX010014_01.29.2024-02.04.2024_2024-02-09-04:42:00.MP4,BabyView_Main,00490001,8.592333333333332,14.451827242524915,30,257.77,287.77
/BabyView_Main/00490001/00490001_GX030018_02.12.2024-02.18.2024_02.18.2024-12:57pm.MP4,2024-02-18,832.85,00490001_GX030018_02.12.2024-02.18.2024_02.18.2024-12:57pm.MP4,BabyView_Main,00490001,13.880833333333333,14.750830564784053,36,416.425,446.425
/BabyView_Main/00490001/00490001_GX010018_03.18.2024-03.24.2024_02.18.2024-12:57pm.MP4,2024-02-18,704.73,00490001_GX010018_03.18.2024-03.24.2024_02.18.2024-12:57pm.MP4,BabyView_Main,00490001,11.7455,14.750830564784053,42,352.365,382.365
/BabyView_Main/00490001/00490001_GX030020_04.01.2024-04.07.2024_03.31.2024-4:50pm.MP4,2024-03-31,400.41,00490001_GX030020_04.01.2024-04.07.2024_03.31.2024-4:50pm.MP4,BabyView_Main,00490001,6.673500000000001,16.146179401993354,48,200.205,230.205
/BabyView_Main/00500001/00500001_GX020005_08.14.2023-08.20.2023_08.14.2023-5:25pm.MP4,2023-08-14,305.34,00500001_GX020005_08.14.2023-08.20.2023_08.14.2023-5:25pm.MP4,BabyView_Main,00500001,5.0889999999999995,12.093023255813954,6,152.67,182.67
/BabyView_Main/00500001/00500001_GX010012_08.21.2023-08.27.2023_08.26.2023-3:08pm.MP4,2023-08-26,832.83,00500001_GX010012_08.21.2023-08.27.2023_08.26.2023-3:08pm.MP4,BabyView_Main,00500001,13.880500000000001,12.491694352159469,12,416.415,446.415
/BabyView_Main/00500001/00500001_GX020017_08.28.2023-09.03.2023_09.02.2023-7:07am.MP4,2023-09-02,896.9,00500001_GX020017_08.28.2023-09.03.2023_09.02.2023-7:07am.MP4,BabyView_Main,00500001,14.948333333333332,12.724252491694351,18,448.45,478.45
/BabyView_Main/00500001/00500001_GX020023_09.04.2023-09.10.2023_NA-NA.MP4,2023-09-04,370.11,00500001_GX020023_09.04.2023-09.10.2023_NA-NA.MP4,BabyView_Main,00500001,6.1685,12.790697674418604,24,185.055,215.055
/BabyView_Main/00500001/00500001_GX030022_09.04.2023-09.10.2023_NA-NA.MP4,2023-09-04,418.75,00500001_GX030022_09.04.2023-09.10.2023_NA-NA.MP4,BabyView_Main,00500001,6.979166666666667,12.790697674418604,30,209.375,239.375
/BabyView_Main/00500001/00500001_GX010027_10.16.2023-10.22.2023_10.17.2023-6:41pm.MP4,2023-10-17,896.9,00500001_GX010027_10.16.2023-10.22.2023_10.17.2023-6:41pm.MP4,BabyView_Main,00500001,14.948333333333332,14.219269102990033,36,448.45,478.45
/BabyView_Main/00500001/00500001_GX010030_10.23.2023-10.29.2023_10.28.2023-6:07pm.MP4,2023-10-28,1025.02,00500001_GX010030_10.23.2023-10.29.2023_10.28.2023-6:07pm.MP4,BabyView_Main,00500001,17.083666666666666,14.58471760797342,42,512.51,542.51
/BabyView_Main/00500001/00500001_GX010033_10.30.2023-11.05.2023_11.04.2023-4:06pm.MP4,2023-11-04,896.9,00500001_GX010033_10.30.2023-11.05.2023_11.04.2023-4:06pm.MP4,BabyView_Main,00500001,14.948333333333332,14.817275747508305,48,448.45,478.45
/BabyView_Main/00500001/00500001_GX010039__11.19.2023-2:35pm.MP4,2023-11-19,832.85,00500001_GX010039__11.19.2023-2:35pm.MP4,BabyView_Main,00500001,13.880833333333333,15.315614617940199,54,416.425,446.425
/BabyView_Main/00500001/00500001_GX010037_11.13.2023-11.19.2023_2023-11-19-20:41:08.MP4,2023-11-19,1025.02,00500001_GX010037_11.13.2023-11.19.2023_2023-11-19-20:41:08.MP4,BabyView_Main,00500001,17.083666666666666,15.315614617940199,60,512.51,542.51
/BabyView_Main/00500001/00500001_GX030039_11.13.2023-11.19.2023_2023-11-19-20:59:20.MP4,2023-11-19,788.22,00500001_GX030039_11.13.2023-11.19.2023_2023-11-19-20:59:20.MP4,BabyView_Main,00500001,13.137,15.315614617940199,66,394.11,424.11
/BabyView_Main/00500001/00500001_GX030040__11.26.2023-5:46pm.MP4,2023-11-26,832.85,00500001_GX030040__11.26.2023-5:46pm.MP4,BabyView_Main,00500001,13.880833333333333,15.548172757475083,72,416.425,446.425
/BabyView_Main/00500001/00500001_GX030040_12.04.2023-12.10.2023_11.26.2023-5:46pm.MP4,2023-11-26,704.73,00500001_GX030040_12.04.2023-12.10.2023_11.26.2023-5:46pm.MP4,BabyView_Main,00500001,11.7455,15.548172757475083,78,352.365,382.365
/BabyView_Main/00500001/00500001_GX010042_12.04.2023-12.10.2023_12.10.2023-4:33pm.MP4,2023-12-10,960.98,00500001_GX010042_12.04.2023-12.10.2023_12.10.2023-4:33pm.MP4,BabyView_Main,00500001,16.016333333333332,16.01328903654485,84,480.49,510.49
/BabyView_Main/00500001/00500001_GX040042_12.11.2023-12.17.2023_12.16.2023-11:12am.MP4,2023-12-16,704.73,00500001_GX040042_12.11.2023-12.17.2023_12.16.2023-11:12am.MP4,BabyView_Main,00500001,11.7455,16.212624584717606,90,352.365,382.365
/BabyView_Main/00500001/00500001_GX030043_12.11.2023-12.17.2023_12.17.2023-9:00am.MP4,2023-12-17,896.92,00500001_GX030043_12.11.2023-12.17.2023_12.17.2023-9:00am.MP4,BabyView_Main,00500001,14.948666666666666,16.245847176079735,96,448.46,478.46
/BabyView_Main/00500001/00500001_GX010046_12.25.2023-12.31.2023_12.31.2023-4:52pm.MP4,2023-12-31,1025.05,00500001_GX010046_12.25.2023-12.31.2023_12.31.2023-4:52pm.MP4,BabyView_Main,00500001,17.084166666666665,16.7109634551495,102,512.525,542.525
/BabyView_Main/00500001/00500001_GX010047_01.01.2024-01.07.2024_01.03.2024-6:27am.MP4,2024-01-03,1217.24,00500001_GX010047_01.01.2024-01.07.2024_01.03.2024-6:27am.MP4,BabyView_Main,00500001,20.287333333333333,16.81063122923588,108,608.62,638.62
/BabyView_Main/00500001/00500001_GX010003_02.26.2024-03.03.2024_03.03.2024-11:16am.MP4,2024-03-03,704.73,00500001_GX010003_02.26.2024-03.03.2024_03.03.2024-11:16am.MP4,BabyView_Main,00500001,11.7455,18.803986710963454,114,352.365,382.365
/BabyView_Main/00500001/00500001_GX010008_04.08.2024-04.14.2024_04.14.2024-4:41pm.MP4,2024-04-14,704.73,00500001_GX010008_04.08.2024-04.14.2024_04.14.2024-4:41pm.MP4,BabyView_Main,00500001,11.7455,20.199335548172755,120,352.365,382.365
/BabyView_Main/00510001/00510001_GX020005_03.25.2024-03.31.2024_03.28.2024-NA.MP4,2024-03-28,573.55,00510001_GX020005_03.25.2024-03.31.2024_03.28.2024-NA.MP4,BabyView_Main,00510001,9.559166666666666,12.591362126245846,6,286.775,316.775
/BabyView_Main/00510001/00510001_GX010009_04.08.2024-04.14.2024_04.11.2024-12:57pm.MP4,2024-04-11,478.21,00510001_GX010009_04.08.2024-04.14.2024_04.11.2024-12:57pm.MP4,BabyView_Main,00510001,7.970166666666667,13.056478405315614,12,239.105,269.105
/BabyView_Main/00510001/00510001_GX030013_04.08.2024-04.14.2024_04.13.2024-5:31pm.MP4,2024-04-13,367.81,00510001_GX030013_04.08.2024-04.14.2024_04.13.2024-5:31pm.MP4,BabyView_Main,00510001,6.130166666666667,13.122923588039866,18,183.905,213.905
/BabyView_Main/00510001/00510001_GX020024_04.15.2024-04.21.2024_04.21.2024-5:49pm.MP4,2024-04-21,704.73,00510001_GX020024_04.15.2024-04.21.2024_04.21.2024-5:49pm.MP4,BabyView_Main,00510001,11.7455,13.388704318936876,24,352.365,382.365
/BabyView_Main/00510001/00510001_GX030025_04.22.2024-04.28.2024_04.24.2024-5:08pm.MP4,2024-04-24,896.92,00510001_GX030025_04.22.2024-04.28.2024_04.24.2024-5:08pm.MP4,BabyView_Main,00510001,14.948666666666666,13.488372093023255,30,448.46,478.46
/BabyView_Main/00550001/00550001_GX010026__2023-12-08-19:29:52.MP4,2023-12-08,704.73,00550001_GX010026__2023-12-08-19:29:52.MP4,BabyView_Main,00550001,11.7455,16.411960132890364,6,352.365,382.365
/BabyView_Main/00550001/00550001_GX030026__2023-12-08-18:34:22.MP4,2023-12-08,704.73,00550001_GX030026__2023-12-08-18:34:22.MP4,BabyView_Main,00550001,11.7455,16.411960132890364,12,352.365,382.365
/BabyView_Main/00560001/00560001_GX030048_04.10.2023-04.16.2023_04.14.2023-NA.MP4,2023-04-14,704.7,00560001_GX030048_04.10.2023-04.16.2023_04.14.2023-NA.MP4,BabyView_Main,00560001,11.745000000000001,13.588039867109634,6,352.35,382.35
/BabyView_Main/00560001/00560001_GX020063_05.08.2023-05.14.2023_05.01.2023-NA.MP4,2023-05-01,704.7,00560001_GX020063_05.08.2023-05.14.2023_05.01.2023-NA.MP4,BabyView_Main,00560001,11.745000000000001,14.15282392026578,12,352.35,382.35
/BabyView_Main/00560001/00560001_GX020062_05.01.2023-05.07.2023_05.03.2023-NA.MP4,2023-05-03,832.83,00560001_GX020062_05.01.2023-05.07.2023_05.03.2023-NA.MP4,BabyView_Main,00560001,13.880500000000001,14.219269102990033,18,416.415,446.415
/BabyView_Main/00560001/00560001_GX030064_05.22.2023-05.28.2023_05.10.2023-NA.MP4,2023-05-10,832.83,00560001_GX030064_05.22.2023-05.28.2023_05.10.2023-NA.MP4,BabyView_Main,00560001,13.880500000000001,14.451827242524915,24,416.415,446.415
/BabyView_Main/00560001/00560001_GX010074_06.05.2023-06.11.2023_06.10.2023-NA.MP4,2023-06-10,960.96,00560001_GX010074_06.05.2023-06.11.2023_06.10.2023-NA.MP4,BabyView_Main,00560001,16.016000000000002,15.48172757475083,30,480.48,510.48
/BabyView_Main/00560001/00560001_GX020076_06.26.2023-07.02.2023_06.26.2023-NA.MP4,2023-06-26,768.77,00560001_GX020076_06.26.2023-07.02.2023_06.26.2023-NA.MP4,BabyView_Main,00560001,12.812833333333334,16.01328903654485,36,384.385,414.385
/BabyView_Main/00560001/00560001_GX030078_07.24.2023-07.30.2023_07.30.2023-NA.MP4,2023-07-30,514.37,00560001_GX030078_07.24.2023-07.30.2023_07.30.2023-NA.MP4,BabyView_Main,00560001,8.572833333333334,17.142857142857142,42,257.185,287.185
/BabyView_Main/00560001/00560001_GX030089_08.21.2023-08.27.2023_08.12.2023-NA.MP4,2023-08-12,768.77,00560001_GX030089_08.21.2023-08.27.2023_08.12.2023-NA.MP4,BabyView_Main,00560001,12.812833333333334,17.574750830564785,48,384.385,414.385
/BabyView_Main/00560001/00560001_GX010090_09.18.2023-09.24.2023_09.02.2023-NA.MP4,2023-09-02,397.87,00560001_GX010090_09.18.2023-09.24.2023_09.02.2023-NA.MP4,BabyView_Main,00560001,6.631166666666667,18.272425249169434,54,198.935,228.935
/BabyView_Main/00560001/00560001_GX030092_09.25.2023-10.01.2023_09.25.2023-NA.MP4,2023-09-25,498.54,00560001_GX030092_09.25.2023-10.01.2023_09.25.2023-NA.MP4,BabyView_Main,00560001,8.309000000000001,19.036544850498338,60,249.27,279.27
/BabyView_Main/00560001/00560001_GX010096_10.02.2023-10.08.2023_10.08.2023-NA.MP4,2023-10-08,501.94,00560001_GX010096_10.02.2023-10.08.2023_10.08.2023-NA.MP4,BabyView_Main,00560001,8.365666666666666,19.46843853820598,66,250.97,280.97
/BabyView_Main/00560001/00560001_GX010103_10.16.2023-10.22.2023_10.20.2023-NA.MP4,2023-10-20,832.83,00560001_GX010103_10.16.2023-10.22.2023_10.20.2023-NA.MP4,BabyView_Main,00560001,13.880500000000001,19.867109634551493,72,416.415,446.415
/BabyView_Main/00560001/00560001_GX020106_10.23.2023-10.29.2023_10.27.2023-NA.MP4,2023-10-27,960.96,00560001_GX020106_10.23.2023-10.29.2023_10.27.2023-NA.MP4,BabyView_Main,00560001,16.016000000000002,20.099667774086377,78,480.48,510.48
/BabyView_Main/00560001/00560001_GX010109_11.20.2023-11.26.2023_11.25.2023-NA.MP4,2023-11-25,768.77,00560001_GX010109_11.20.2023-11.26.2023_11.25.2023-NA.MP4,BabyView_Main,00560001,12.812833333333334,21.06312292358804,84,384.385,414.385
/BabyView_Main/00560001/00560001_GX010111_11.27.2023-12.03.2023_11.30.2023-NA.MP4,2023-11-30,896.92,00560001_GX010111_11.27.2023-12.03.2023_11.30.2023-NA.MP4,BabyView_Main,00560001,14.948666666666666,21.22923588039867,90,448.46,478.46
/BabyView_Main/00560001/00560001_GX020114_12.11.2023-12.17.2023_12.11.2023-NA.MP4,2023-12-11,960.98,00560001_GX020114_12.11.2023-12.17.2023_12.11.2023-NA.MP4,BabyView_Main,00560001,16.016333333333332,21.59468438538206,96,480.49,510.49
/BabyView_Main/00560001/00560001_GX010130_01.01.2024-01.07.2024_01.04.2024-NA.MP4,2024-01-04,1025.05,00560001_GX010130_01.01.2024-01.07.2024_01.04.2024-NA.MP4,BabyView_Main,00560001,17.084166666666665,22.39202657807309,102,512.525,542.525
/BabyView_Main/00560001/00560001_GX020132_01.01.2024-01.07.2024_2024-01-18-06:48:58.MP4,2024-01-18,832.85,00560001_GX020132_01.01.2024-01.07.2024_2024-01-18-06:48:58.MP4,BabyView_Main,00560001,13.880833333333333,22.857142857142858,108,416.425,446.425
/BabyView_Main/00560001/00560001_GX020142_01.29.2024-02.04.2024_02.03.2024-NA.MP4,2024-02-03,447.62,00560001_GX020142_01.29.2024-02.04.2024_02.03.2024-NA.MP4,BabyView_Main,00560001,7.460333333333334,23.388704318936878,114,223.81,253.81
/BabyView_Main/00560001/00560001_GX030144_02.26.2024-03.03.2024_03.02.2024-NA.MP4,2024-03-02,832.85,00560001_GX030144_02.26.2024-03.03.2024_03.02.2024-NA.MP4,BabyView_Main,00560001,13.880833333333333,24.31893687707641,120,416.425,446.425
/BabyView_Main/00680001/00680001_GX020010_04.10.23-04.16.23_04.16.2023-NA.MP4,2023-04-16,768.79,00680001_GX020010_04.10.23-04.16.23_04.16.2023-NA.MP4,BabyView_Main,00680001,12.813166666666666,16.64451827242525,6,384.395,414.395
/BabyView_Main/00680001/00680001_GX030014_04.24.23-04.30.23_04.25.2023-NA.MP4,2023-04-25,306.35,00680001_GX030014_04.24.23-04.30.23_04.25.2023-NA.MP4,BabyView_Main,00680001,5.105833333333334,16.943521594684384,12,153.175,183.175
/BabyView_Main/00680001/00680001_GX010024_05.01.23-05.07.23_05.06.2023-NA.MP4,2023-05-06,588.76,00680001_GX010024_05.01.23-05.07.23_05.06.2023-NA.MP4,BabyView_Main,00680001,9.812666666666667,17.308970099667775,18,294.38,324.38
/BabyView_Main/00680001/00680001_GX010027_05.01.23-05.07.23_05.07.2023-NA.MP4,2023-05-07,704.73,00680001_GX010027_05.01.23-05.07.23_05.07.2023-NA.MP4,BabyView_Main,00680001,11.7455,17.3421926910299,24,352.365,382.365
/BabyView_Main/00680001/00680001_GX030031_05.08.23-05.14.23_05.13.2023-NA.MP4,2023-05-13,670.17,00680001_GX030031_05.08.23-05.14.23_05.13.2023-NA.MP4,BabyView_Main,00680001,11.1695,17.541528239202655,30,335.085,365.085
/BabyView_Main/00680001/00680001_GX010043_05.22.23-05.28.23_05.27.2023-NA.MP4,2023-05-27,704.73,00680001_GX010043_05.22.23-05.28.23_05.27.2023-NA.MP4,BabyView_Main,00680001,11.7455,18.006644518272424,36,352.365,382.365
/BabyView_Main/00680001/00680001_GX020048_05.29.23-06.04.23_05.29.2023-NA.MP4,2023-05-29,508.65,00680001_GX020048_05.29.23-06.04.23_05.29.2023-NA.MP4,BabyView_Main,00680001,8.4775,18.073089700996675,42,254.325,284.325
/BabyView_Main/00680001/00680001_GX010055_06.05.23-06.11.23_06.10.2023-NA.MP4,2023-06-10,514.01,00680001_GX010055_06.05.23-06.11.23_06.10.2023-NA.MP4,BabyView_Main,00680001,8.566833333333333,18.471760797342192,48,257.005,287.005
/BabyView_Main/00680001/00680001_GX010061_06.12.23-06.18.23_06.17.2023-10:52am.MP4,2023-06-17,704.73,00680001_GX010061_06.12.23-06.18.23_06.17.2023-10:52am.MP4,BabyView_Main,00680001,11.7455,18.704318936877076,54,352.365,382.365
/BabyView_Main/00680001/00680001_GX020063_06.12.23-06.18.23_06.18.2023-9:45am.MP4,2023-06-18,704.73,00680001_GX020063_06.12.23-06.18.23_06.18.2023-9:45am.MP4,BabyView_Main,00680001,11.7455,18.737541528239202,60,352.365,382.365
/BabyView_Main/00680001/00680001_GX020069_06.19.23-06.25.23_06.25.2023-NA.MP4,2023-06-25,704.73,00680001_GX020069_06.19.23-06.25.23_06.25.2023-NA.MP4,BabyView_Main,00680001,11.7455,18.970099667774086,66,352.365,382.365
/BabyView_Main/00720001/00720001_GX030005_06.12.2023-06.18.2023_06.13.2023-NA.MP4,2023-06-13,406.31,00720001_GX030005_06.12.2023-06.18.2023_06.13.2023-NA.MP4,BabyView_Main,00720001,6.771833333333333,17.541528239202655,6,203.155,233.155
/BabyView_Main/00720001/00720001_GX020008_06.19.2023-06.25.2023_06.23.2023-4:45pm.MP4,2023-06-23,768.77,00720001_GX020008_06.19.2023-06.25.2023_06.23.2023-4:45pm.MP4,BabyView_Main,00720001,12.812833333333334,17.87375415282392,12,384.385,414.385
/BabyView_Main/00720001/00720001_GX030009_08.14.2023-08.20.2023_06.25.2023-12:13pm.MP4,2023-06-25,704.7,00720001_GX030009_08.14.2023-08.20.2023_06.25.2023-12:13pm.MP4,BabyView_Main,00720001,11.745000000000001,17.940199335548172,18,352.35,382.35
/BabyView_Main/00720001/00720001_GX040010_06.26.2023-07.02.2023_06.26.2023-4:23pm.MP4,2023-06-26,696.4,00720001_GX040010_06.26.2023-07.02.2023_06.26.2023-4:23pm.MP4,BabyView_Main,00720001,11.606666666666666,17.973421926910298,24,348.2,378.2
/BabyView_Main/00720001/00720001_GX020011_06.26.2023-07.02.2023_06.28.2023-NA.MP4,2023-06-28,704.7,00720001_GX020011_06.26.2023-07.02.2023_06.28.2023-NA.MP4,BabyView_Main,00720001,11.745000000000001,18.03986710963455,30,352.35,382.35
/BabyView_Main/00720001/00720001_GX020013_07.03.2023-07.09.2023_07.07.2023-NA.MP4,2023-07-07,704.73,00720001_GX020013_07.03.2023-07.09.2023_07.07.2023-NA.MP4,BabyView_Main,00720001,11.7455,18.338870431893685,36,352.365,382.365
/BabyView_Main/00720001/00720001_GX020014_07.03.2023-07.09.2023_07.08.2023-NA.MP4,2023-07-08,704.7,00720001_GX020014_07.03.2023-07.09.2023_07.08.2023-NA.MP4,BabyView_Main,00720001,11.745000000000001,18.372093023255815,42,352.35,382.35
/BabyView_Main/00720001/00720001_GX010002_07.24.2023-07.30.2023_07.21.2023-8:00pm.MP4,2023-07-21,704.7,00720001_GX010002_07.24.2023-07.30.2023_07.21.2023-8:00pm.MP4,BabyView_Main,00720001,11.745000000000001,18.803986710963454,48,352.35,382.35
/BabyView_Main/00720001/00720001_GX010001_07.24.2023-07.30.2023_07.24.2023-3:40pm.MP4,2023-07-24,832.83,00720001_GX010001_07.24.2023-07.30.2023_07.24.2023-3:40pm.MP4,BabyView_Main,00720001,13.880500000000001,18.903654485049834,54,416.415,446.415
/BabyView_Main/00720001/00720001_GX040005_07.31.2023-08.06.2023_NA-NA.MP4,2023-07-31,478.55,00720001_GX040005_07.31.2023-08.06.2023_NA-NA.MP4,BabyView_Main,00720001,7.975833333333333,19.136212624584715,60,239.275,269.275
/BabyView_Main/00720001/00720001_GX030017_09.11.2023-09.17.2023_09.17.2023-6:50pm.MP4,2023-09-17,832.83,00720001_GX030017_09.11.2023-09.17.2023_09.17.2023-6:50pm.MP4,BabyView_Main,00720001,13.880500000000001,20.730897009966778,66,416.415,446.415
/BabyView_Main/00720001/00720001_GX030019_09.25.2023-10.01.2023_09.30.2023-8:14pm.MP4,2023-09-30,960.96,00720001_GX030019_09.25.2023-10.01.2023_09.30.2023-8:14pm.MP4,BabyView_Main,00720001,16.016000000000002,21.162790697674417,72,480.48,510.48
/BabyView_Main/00720001/00720001_GX020023_01.22.2024-01.28.2024_NA-NA.MP4,2024-01-22,1601.62,00720001_GX020023_01.22.2024-01.28.2024_NA-NA.MP4,BabyView_Main,00720001,26.693666666666665,24.950166112956808,78,800.81,830.81
/BabyView_Main/00720001/00720001_GX010026_02.05.2024-02.11.2024_02.06.2024-7:09am.MP4,2024-02-06,309.08,00720001_GX010026_02.05.2024-02.11.2024_02.06.2024-7:09am.MP4,BabyView_Main,00720001,5.151333333333333,25.448504983388702,84,154.54,184.54
/BabyView_Main/00720001/00720001_GX010029_02.26.2024-03.03.2024_03.03.2024-7:52pm.MP4,2024-03-03,1217.24,00720001_GX010029_02.26.2024-03.03.2024_03.03.2024-7:52pm.MP4,BabyView_Main,00720001,20.287333333333333,26.312292358803987,90,608.62,638.62
/BabyView_Main/00820001/00820001_GX040008_04.24.2023-04.30.2023_04.30.2023-NA.MP4,2023-04-30,463.64,00820001_GX040008_04.24.2023-04.30.2023_04.30.2023-NA.MP4,BabyView_Main,00820001,7.727333333333333,20.69767441860465,6,231.82,261.82
/BabyView_Main/00820001/00820001_GX010012_05.01.2023-05.07.2023_05.06.2023-NA.MP4,2023-05-06,896.92,00820001_GX010012_05.01.2023-05.07.2023_05.06.2023-NA.MP4,BabyView_Main,00820001,14.948666666666666,20.897009966777407,12,448.46,478.46
/BabyView_Main/00820001/00820001_GX010014_05.22.2023-05.28.2023_05.11.2023-NA.MP4,2023-05-11,704.73,00820001_GX010014_05.22.2023-05.28.2023_05.11.2023-NA.MP4,BabyView_Main,00820001,11.7455,21.06312292358804,18,352.365,382.365
/BabyView_Main/00820001/00820001_GX030015_05.22.2023-05.28.2023_05.26.2023-NA.MP4,2023-05-26,768.79,00820001_GX030015_05.22.2023-05.28.2023_05.26.2023-NA.MP4,BabyView_Main,00820001,12.813166666666666,21.561461794019934,24,384.395,414.395
/BabyView_Main/00820001/00820001_GX030019_05.29.2023-06.04.2023_06.03.2023-NA.MP4,2023-06-03,468.67,00820001_GX030019_05.29.2023-06.04.2023_06.03.2023-NA.MP4,BabyView_Main,00820001,7.811166666666667,21.827242524916944,30,234.335,264.33500000000004
/BabyView_Main/00820001/00820001_GX010022_06.26.2023-07.02.2023_06.26.2023-5:11pm.MP4,2023-06-26,960.98,00820001_GX010022_06.26.2023-07.02.2023_06.26.2023-5:11pm.MP4,BabyView_Main,00820001,16.016333333333332,22.591362126245848,36,480.49,510.49
/BabyView_Main/00820001/00820001_GX010026_07.03.2023-07.09.2023_07.09.2023-8:37am.MP4,2023-07-09,832.85,00820001_GX010026_07.03.2023-07.09.2023_07.09.2023-8:37am.MP4,BabyView_Main,00820001,13.880833333333333,23.023255813953487,42,416.425,446.425
/BabyView_Main/00820001/00820001_GX030027_07.10.2023-07.16.2023_07.16.2023-4:07pm.MP4,2023-07-16,832.85,00820001_GX030027_07.10.2023-07.16.2023_07.16.2023-4:07pm.MP4,BabyView_Main,00820001,13.880833333333333,23.25581395348837,48,416.425,446.425
/BabyView_Main/00820001/00820001_GX010033_07.31.2023-08.06.2023_08.01.2023-5:39pm.MP4,2023-08-01,960.98,00820001_GX010033_07.31.2023-08.06.2023_08.01.2023-5:39pm.MP4,BabyView_Main,00820001,16.016333333333332,23.78737541528239,54,480.49,510.49
/BabyView_Main/00820001/00820001_GX010034_07.31.2023-08.06.2023_08.05.2023-NA.MP4,2023-08-05,768.79,00820001_GX010034_07.31.2023-08.06.2023_08.05.2023-NA.MP4,BabyView_Main,00820001,12.813166666666666,23.920265780730897,60,384.395,414.395
/BabyView_Main/00820001/00820001_GX010036_08.28.2023-09.03.2023_09.03.2023-4:24pm.MP4,2023-09-03,832.85,00820001_GX010036_08.28.2023-09.03.2023_09.03.2023-4:24pm.MP4,BabyView_Main,00820001,13.880833333333333,24.883720930232556,66,416.425,446.425
/BabyView_Main/00820001/00820001_GX030037_09.11.2023-09.17.2023_09.12.2023-4:58pm.MP4,2023-09-12,768.79,00820001_GX030037_09.11.2023-09.17.2023_09.12.2023-4:58pm.MP4,BabyView_Main,00820001,12.813166666666666,25.182724252491692,72,384.395,414.395
/BabyView_Main/00820001/00820001_GX030039_09.18.2023-09.24.2023_09.18.2023-4:28pm.MP4,2023-09-18,832.85,00820001_GX030039_09.18.2023-09.24.2023_09.18.2023-4:28pm.MP4,BabyView_Main,00820001,13.880833333333333,25.38205980066445,78,416.425,446.425
/BabyView_Main/00820001/00820001_GX040041_09.18.2023-09.24.2023_09.25.2023-4:28pm.MP4,2023-09-25,305.49,00820001_GX040041_09.18.2023-09.24.2023_09.25.2023-4:28pm.MP4,BabyView_Main,00820001,5.0915,25.614617940199334,84,152.745,182.745
/BabyView_Main/00820001/00820001_GX010043_10.02.2023-_10.08.2023_10.02.2023-6:01pm.MP4,2023-10-02,896.92,00820001_GX010043_10.02.2023-_10.08.2023_10.02.2023-6:01pm.MP4,BabyView_Main,00820001,14.948666666666666,25.84717607973422,90,448.46,478.46
/BabyView_Main/00820001/00820001_GX010046_10.09.2023-10.15.2023_10.06.2023-NA.MP4,2023-10-06,832.85,00820001_GX010046_10.09.2023-10.15.2023_10.06.2023-NA.MP4,BabyView_Main,00820001,13.880833333333333,25.98006644518272,96,416.425,446.425
/BabyView_Main/00820001/00820001_GX020048_10.16.2023-10.22.2023_10.18.2023-3:53pm.MP4,2023-10-18,768.79,00820001_GX020048_10.16.2023-10.22.2023_10.18.2023-3:53pm.MP4,BabyView_Main,00820001,12.813166666666666,26.37873754152824,102,384.395,414.395
/BabyView_Main/00820001/00820001_GX020050_10.16.2023-10.22.2023_10.22.2023-8:17am.MP4,2023-10-22,768.79,00820001_GX020050_10.16.2023-10.22.2023_10.22.2023-8:17am.MP4,BabyView_Main,00820001,12.813166666666666,26.51162790697674,108,384.395,414.395
/BabyView_Main/00820001/00820001_GX010054_10.23.2023-10.29.2023_10.28.2023-11:19am.MP4,2023-10-28,768.79,00820001_GX010054_10.23.2023-10.29.2023_10.28.2023-11:19am.MP4,BabyView_Main,00820001,12.813166666666666,26.7109634551495,114,384.395,414.395
/BabyView_Main/00820001/00820001_GX010056_10.30.2023-11.05.2023_11.01.2023-NA.MP4,2023-11-01,768.79,00820001_GX010056_10.30.2023-11.05.2023_11.01.2023-NA.MP4,BabyView_Main,00820001,12.813166666666666,26.843853820598007,120,384.395,414.395
/BabyView_Main/00820001/00820001_GX020058_11.06.2023-11.12.2023_11.08.2023-NA.MP4,2023-11-08,741.94,00820001_GX020058_11.06.2023-11.12.2023_11.08.2023-NA.MP4,BabyView_Main,00820001,12.365666666666668,27.07641196013289,126,370.97,400.97
/BabyView_Main/00820001/00820001_GX030061_11.20.2023-11.26.2023_11.20.2023-6:04pm.MP4,2023-11-20,832.85,00820001_GX030061_11.20.2023-11.26.2023_11.20.2023-6:04pm.MP4,BabyView_Main,00820001,13.880833333333333,27.475083056478404,132,416.425,446.425
/BabyView_Main/00820001/00820001_GX010064_11.27.2023-12.03.2023_11.29.2023-NA.MP4,2023-11-29,832.85,00820001_GX010064_11.27.2023-12.03.2023_11.29.2023-NA.MP4,BabyView_Main,00820001,13.880833333333333,27.77408637873754,138,416.425,446.425
/BabyView_Main/00820001/00820001_GX010064_12.18.2023-12.24.2023_11.29.2023-NA.MP4,2023-11-29,768.79,00820001_GX010064_12.18.2023-12.24.2023_11.29.2023-NA.MP4,BabyView_Main,00820001,12.813166666666666,27.77408637873754,144,384.395,414.395
/BabyView_Main/00820001/00820001_GX010065_12.04.2023-12.10.2023_12.04.2023-5:06pm.MP4,2023-12-04,768.79,00820001_GX010065_12.04.2023-12.10.2023_12.04.2023-5:06pm.MP4,BabyView_Main,00820001,12.813166666666666,27.940199335548172,150,384.395,414.395
/BabyView_Main/00820001/00820001_GX010065_01.08.2024-01.14.2024_12.04.2023-5:06pm.MP4,2023-12-04,704.73,00820001_GX010065_01.08.2024-01.14.2024_12.04.2023-5:06pm.MP4,BabyView_Main,00820001,11.7455,27.940199335548172,156,352.365,382.365
/BabyView_Main/00820001/00820001_GX020066_01.08.2024-01.14.2024_01.12.2024-5:16pm.MP4,2024-01-12,832.85,00820001_GX020066_01.08.2024-01.14.2024_01.12.2024-5:16pm.MP4,BabyView_Main,00820001,13.880833333333333,29.235880398671096,162,416.425,446.425
/BabyView_Main/00820001/00820001_GX020066_02.05.2024-02.11.2024_01.12.2024-5:16pm.MP4,2024-01-12,896.92,00820001_GX020066_02.05.2024-02.11.2024_01.12.2024-5:16pm.MP4,BabyView_Main,00820001,14.948666666666666,29.235880398671096,168,448.46,478.46
/BabyView_Main/00820001/00820001_GX010069_02.19.2024-02.25.2024_02.19.2024-4:33pm.MP4,2024-02-19,896.92,00820001_GX010069_02.19.2024-02.25.2024_02.19.2024-4:33pm.MP4,BabyView_Main,00820001,14.948666666666666,30.49833887043189,174,448.46,478.46
/BabyView_Main/00820001/00820001_GX020071_02.19.2024-02.25.2024_02.23.2024-5:32pm.MP4,2024-02-23,704.73,00820001_GX020071_02.19.2024-02.25.2024_02.23.2024-5:32pm.MP4,BabyView_Main,00820001,11.7455,30.631229235880397,180,352.365,382.365
/BabyView_Main/00820001/00820001_GX010073_02.26.2024-03.03.2024_03.03.2024-9:42am.MP4,2024-03-03,768.79,00820001_GX010073_02.26.2024-03.03.2024_03.03.2024-9:42am.MP4,BabyView_Main,00820001,12.813166666666666,30.930232558139533,186,384.395,414.395
/BabyView_Main/00820001/00820001_GX020073_03.04.2024-03.10.2024_03.03.2024-9:42am.MP4,2024-03-03,832.85,00820001_GX020073_03.04.2024-03.10.2024_03.03.2024-9:42am.MP4,BabyView_Main,00820001,13.880833333333333,30.930232558139533,192,416.425,446.425
/BabyView_Main/00820001/00820001_GX020076_03.11.2024-03.17.2024_03.14.2024-5:56pm.MP4,2024-03-14,896.92,00820001_GX020076_03.11.2024-03.17.2024_03.14.2024-5:56pm.MP4,BabyView_Main,00820001,14.948666666666666,31.295681063122924,198,448.46,478.46
/BabyView_Main/00820001/00820001_GX020078_03.18.2024-03.24.2024_03.24.2024-NA.MP4,2024-03-24,832.85,00820001_GX020078_03.18.2024-03.24.2024_03.24.2024-NA.MP4,BabyView_Main,00820001,13.880833333333333,31.627906976744185,204,416.425,446.425
/BabyView_Main/00820001/00820001_GX010079_04.08.2024-04.14.2024_04.09.2024-NA.MP4,2024-04-09,704.73,00820001_GX010079_04.08.2024-04.14.2024_04.09.2024-NA.MP4,BabyView_Main,00820001,11.7455,32.159468438538205,210,352.365,382.365
/BabyView_Main/00820001/00820001_GX020080_04.15.2024-04.21.2024_04.21.2024-5:41pm.MP4,2024-04-21,704.73,00820001_GX020080_04.15.2024-04.21.2024_04.21.2024-5:41pm.MP4,BabyView_Main,00820001,11.7455,32.55813953488372,216,352.365,382.365
